hash,block,ts,gasUsed,input_bytes,effectiveGasPrice,cost_wei,type,blobs,from
0x3e44475b4a3711a7823ac36f6b20953728cfe0a96538759bd70328b232f4a86c,26086670,1790727623,399378,1412,1146570649,457915092656322,0x2,0,0xa5cb34b75bd72f15290ef37a01f06183e8036875
0xdaaf71cae7b4dfbfa57bfb0b887977735943d2e69b0f254733861e035f0c3630,26086828,1790729531,399438,1412,1126002563,449768211759594,0x2,0,0xa5cb34b75bd72f15290ef37a01f06183e8036875
0xb6013ebee1ec1457efe026e4fc77ced28788caac4bf49f91c7b7bd4b9568f3c8,26087020,1790731835,399426,1412,1195329695,477445758755070,0x2,0,0xa5cb34b75bd72f15290ef37a01f06183e8036875
0xa5f8d140c049f79060428fb0cb9a8515d3fc07af6668f71f803207e62aa45d75,26087167,1790733611,399390,1412,1112975977,444511475454030,0x2,0,0xa5cb34b75bd72f15290ef37a01f06183e8036875
0x7612057bc81e00d44efe5bf18ec4e62b11cf6224c49c0cbfaa7a5fa435f98876,26087322,1790735471,399438,1412,1111542790,443992428952020,0x2,0,0xa5cb34b75bd72f15290ef37a01f06183e8036875
0xe567f8dd4846fe08de92164c53af18038b09fc15cdc3bca2e6e893ca506f7987,26087463,1790737187,399414,1412,1109006101,442952562824814,0x2,0,0xa5cb34b75bd72f15290ef37a01f06183e8036875
0x139d15ee58766039e75395c44f431f740f48fd3ef31edaa505f1119e0f7d517b,26087624,1790739119,399390,1412,1146183011,457774032763290,0x2,0,0xa5cb34b75bd72f15290ef37a01f06183e8036875
0x273f5b5c4a2285b069e5c15ca5b819f2e0ba0544b573cf190d18417a9a0f4e3b,26087778,1790740967,399426,1412,1090520956,435582423371256,0x2,0,0xa5cb34b75bd72f15290ef37a01f06183e8036875
0x6dd5b486bd9ef8e55842fd457d0e6c44e51e8b3a39b205a5ca27dabb1565184e,26087940,1790742935,399450,1412,1114302171,445108002205950,0x2,0,0xa5cb34b75bd72f15290ef37a01f06183e8036875
0xef7917a4b10bacdeda6b7943b534bd3d7ead31e9ee3f49386651feb619636bf8,26088113,1790745011,399450,1412,1084970180,433391338401000,0x2,0,0xa5cb34b75bd72f15290ef37a01f06183e8036875
0xa287ea4d7b3f624b2cd178fa04820536bc430ed28a65e5d5bdef6dd8fa6bef71,26088260,1790746775,399414,1412,1088090281,434598491495334,0x2,0,0xa5cb34b75bd72f15290ef37a01f06183e8036875
0x6fd8c906cb550050406c52fb243d7d66ead9ddea305dd7239e3e0051fee95208,26088423,1790748755,399438,1412,1085906607,433752363286866,0x2,0,0xa5cb34b75bd72f15290ef37a01f06183e8036875
0x868efad625fa8fe0181f580b944b657b6119704b6ac1ee182aa4dcfc2690420c,26088580,1790750639,399414,1412,1078655348,430830047166072,0x2,0,0xa5cb34b75bd72f15290ef37a01f06183e8036875
0xd91a5a12ebf18257385826b3a47303db2a1f2d0077b040dbac083c96540625e5,26088743,1790752595,399402,1412,1071747307,428058017910414,0x2,0,0xa5cb34b75bd72f15290ef37a01f06183e8036875
0x9311bc9d079c5972a27de09c3879318cc383e6a00dbb2470ce201dd32ef27362,26088899,1790754479,399426,1412,1098656218,438831858530868,0x2,0,0xa5cb34b75bd72f15290ef37a01f06183e8036875
0xea8e870e3df8f80138d6f8c6d5ca797a42d2008f9411f6a52bf6eaf1357f443a,26089055,1790756363,399378,1412,1154527828,461093014890984,0x2,0,0xa5cb34b75bd72f15290ef37a01f06183e8036875
0x2341b1ca2920f198024bbf07d28db23552ffc4ec9e944fc37a954458527567a4,26089216,1790758307,399426,1412,1130667778,451618107895428,0x2,0,0xa5cb34b75bd72f15290ef37a01f06183e8036875
0x860ebb2bc2390c86719db5a03cfbde03e98116d23ad0af887530f48fee82ee2d,26089377,1790760239,399414,1412,1100719971,439642966496994,0x2,0,0xa5cb34b75bd72f15290ef37a01f06183e8036875
0xc44146c7142b0a276ad9332d1f97bcd0f5baad98b8fa287acbc5e9f3394b9771,26089535,None,399366,1412,1218431841,486600250612806,0x2,0,0xa5cb34b75bd72f15290ef37a01f06183e8036875
0x597466629780a65a4ee669851bb63bb6d8aee1a9e10db28755e6e78a7b050cac,26089694,1790764067,399354,1412,1246883536,497947927635744,0x2,0,0xa5cb34b75bd72f15290ef37a01f06183e8036875
0x4b31aea804e1fe51139ce312deb7389f7ec445f4e94f253dc43e4971479b53ca,26089860,1790766071,399378,1412,1248415872,498589834127616,0x2,0,0xa5cb34b75bd72f15290ef37a01f06183e8036875
0xdebdbc9e608b4c1776a099a9ad4126a30dcb58fffd2dfb8c1f1f16d0be0f8a95,26090044,1790768279,399426,1412,1210468543,483492608256318,0x2,0,0xa5cb34b75bd72f15290ef37a01f06183e8036875
0xe7582e1366b5be237c1c970a3ff0b0e204ce03cd909541ec51351ea4dccdd4ee,26090217,1790770355,399306,1412,1265116351,505168549652406,0x2,0,0xa5cb34b75bd72f15290ef37a01f06183e8036875
0x648272acd10d3bfb69fe6481515b48ecf79441265c9ce0b643440c7f8d942a88,26090370,1790772191,399402,1412,2005581791,801033378488982,0x2,0,0xa5cb34b75bd72f15290ef37a01f06183e8036875
0x31506fc803b125e3fc890761d97e6a5a086f980e899eded56baec1666658f879,26090504,1790773799,399390,1412,1770236350,707014695826500,0x2,0,0xa5cb34b75bd72f15290ef37a01f06183e8036875
0xcb74748cca68476bae82a2f2bd407ad56b8b2e1431235c5ea1c6f8cd85358822,26090687,None,399402,1412,2361926248,943358067303696,0x2,0,0xa5cb34b75bd72f15290ef37a01f06183e8036875
0x3cc02ef91063be124f4aed14798321bb3f7ee9c5e157181edd2379cf1f6fd3a4,26090852,1790777999,399390,1412,1726746443,689645261869770,0x2,0,0xa5cb34b75bd72f15290ef37a01f06183e8036875
0x8b0ce75df68efd91d9b482185a1146530b9f658f503f1ca4a80c069be5f13366,26090987,1790779631,399402,1412,1996461450,797390696052900,0x2,0,0xa5cb34b75bd72f15290ef37a01f06183e8036875
0xcc439c3b1c4063896e5d85e48c4e86ce285ac6b70e301188146bf5d000a372ff,26091131,None,399426,1412,1942696308,775963415519208,0x2,0,0xa5cb34b75bd72f15290ef37a01f06183e8036875
0x1db93692b085f4eb9dab5b3cfe3dd858887777da113b4c06a4433e1217ca05f2,26091312,1790783555,399450,1412,1707736123,682155194332350,0x2,0,0xa5cb34b75bd72f15290ef37a01f06183e8036875
0x299fa414e7bab74e01654fee9d6479c31121227cacbd51bf51c1a1275eb6a2cb,26091492,1790785727,399414,1412,1515263175,605217325779450,0x2,0,0xa5cb34b75bd72f15290ef37a01f06183e8036875
0x4c11b32c9893adffe755b44edee3d4758fda848da3fe6285aa732980677f96fd,26091606,1790787095,399426,1412,1366564516,545841398367816,0x2,0,0xa5cb34b75bd72f15290ef37a01f06183e8036875
0x67ac6797f4b18748379daa791a9a45f1d7d41ea22ae05a0682282762ddcaa9c7,26091770,1790789063,399414,1412,1290987004,515638283215656,0x2,0,0xa5cb34b75bd72f15290ef37a01f06183e8036875
0x9009874f02ebcabc375b3fccfbf473d855518c00844b94ded74e15a621554a7e,26091956,1790791307,399390,1412,2001862034,799523677759260,0x2,0,0xa5cb34b75bd72f15290ef37a01f06183e8036875
0x0f0c7e27dd0aee8f75792a429379e3720178a2dd17703207304478fd3aec617c,26092104,1790793083,399402,1412,1396874415,557914435099830,0x2,0,0xa5cb34b75bd72f15290ef37a01f06183e8036875
0x9c7335fa79fda38a239ae5cc53d79a97a7f6b60c4199cf7314df926c35f3f76e,26092245,1790794787,399474,1412,1450145772,579295532123928,0x2,0,0xa5cb34b75bd72f15290ef37a01f06183e8036875
0xe1bebc48e09069ab24c0f6c4c86e0285f7cdacdf57771f9d209f575c6011d183,26092409,1790796767,399402,1412,1266378045,505793923929090,0x2,0,0xa5cb34b75bd72f15290ef37a01f06183e8036875
0x39cc3b5f9fe15ade384d80cfffb82b32738a734acc8c041e9538409655ad744d,26092609,1790799191,399414,1412,1568157263,626343965043882,0x2,0,0xa5cb34b75bd72f15290ef37a01f06183e8036875
0x0948d84ed53ed8134d27eca0e8d1452a355ded52298b2628d28f365e8450091e,26092732,1790800667,399402,1412,1213689970,484750201397940,0x2,0,0xa5cb34b75bd72f15290ef37a01f06183e8036875
0xa8b0f4f7ab19a19f058a0ac1e5db533a2e443b7bc9fba6848a63dd3b51aef7b9,26092887,1790802527,399402,1412,1170079473,467332081675146,0x2,0,0xa5cb34b75bd72f15290ef37a01f06183e8036875
0x3f20f75ee4a29fb42e43e5c2df2e4a6862ca45a86b72c1a1b826b6b06bc1df41,26093042,1790804387,399390,1412,1138218525,454593096699750,0x2,0,0xa5cb34b75bd72f15290ef37a01f06183e8036875
0x09dc1e98f558e84419b8c1c8512a87daf1ca5d608957b61b27775de93de2458f,26093200,1790806307,399402,1412,1106527721,441949384822842,0x2,0,0xa5cb34b75bd72f15290ef37a01f06183e8036875
0x4f3a41f4fca532c2b42641c0471e8e2c2ef06cc34404ab266fad5eed518c8ef2,26093376,1790808455,399438,1412,1101025380,439791375736440,0x2,0,0xa5cb34b75bd72f15290ef37a01f06183e8036875
0x6fbd6856d8a0f6c0c6ebf4c248b7edc1079ef008940c0abc69fa646c2cf54316,26093550,1790810555,399426,1412,1102319836,440295202814136,0x2,0,0xa5cb34b75bd72f15290ef37a01f06183e8036875
0xb3a2cac5c7dbbf3a958d4ca2058a2242818337118993d26607070db5fe0b8764,26093699,1790812343,399354,1412,1071703199,427988959333446,0x2,0,0xa5cb34b75bd72f15290ef37a01f06183e8036875
0x92799a873d854e4a0b3dc63ba8c190873c36a1da3d5de023f3977d56f4c222d6,26093867,1790814359,399450,1412,1149436880,459142561716000,0x2,0,0xa5cb34b75bd72f15290ef37a01f06183e8036875
0xcaac8700fb8d4a55165696546865c4b3a7d2857fd6d00d3671ab57c42ad6245b,26094001,None,399402,1412,1065596315,425601299403630,0x2,0,0xa5cb34b75bd72f15290ef37a01f06183e8036875
0x33e66c634b3f1946e4cee6ba895391e2ed4a29a6ce1789f7de0ab69d80940c6e,26094175,1790818067,399438,1412,1108968129,442964011511502,0x2,0,0xa5cb34b75bd72f15290ef37a01f06183e8036875
0x253824f0f9b8cc27d2f566b0514cd6d2a9f6ba84b717bba33f0d2b78ad394f3d,26094366,1790820359,399402,1412,1115530513,445545117953226,0x2,0,0xa5cb34b75bd72f15290ef37a01f06183e8036875
0x3ed7f1319ec70b8878d9cefc6f2cac17882c240680cbe89e60970a0c5adffe65,26094528,1790822303,399426,1412,1158970255,462922853073630,0x2,0,0xa5cb34b75bd72f15290ef37a01f06183e8036875
0x5cd4a9145f730490f9608cce71f479062b83f02b06751328e2a617372b24c20d,26094680,1790824127,399414,1412,1127585111,450373279524954,0x2,0,0xa5cb34b75bd72f15290ef37a01f06183e8036875
0x1033fad491debcc4b2c58b66639618ab27348cf558d88e47c6b5722e93c65110,26094842,1790826071,399438,1412,1108253840,442678697341920,0x2,0,0xa5cb34b75bd72f15290ef37a01f06183e8036875
0x27ca9a96cca1da7e4ba6d43149c49a42b0a9a8ca9f26cf2295e89891d8e21dde,26095185,1790830199,399414,1412,1132445174,452314456728036,0x2,0,0xa5cb34b75bd72f15290ef37a01f06183e8036875
0xe845e20b361ab536df7d2608e25d6f33281eae3a31a638e9058c03c9f82b6508,26095291,1790831483,399402,1412,1100645292,439599930915384,0x2,0,0xa5cb34b75bd72f15290ef37a01f06183e8036875
0xc25e93f4a587b7b643dc778cdec7ee2da0fc98410a05caf4036bf71b3f99799d,26095320,None,399438,1412,1062900502,424562850717876,0x2,0,0xa5cb34b75bd72f15290ef37a01f06183e8036875
0x36c51cbfef4d7175743f8d3a6c6a021ee98312e4f1af575c53acd93b684d3dd9,26095426,1790833115,399450,1412,1079273581,431115831930450,0x2,0,0xa5cb34b75bd72f15290ef37a01f06183e8036875
0x66205bb6841f9eb3c66655d96f6f90bac9259cfdf7726763f26db1d3a94c3042,26095590,1790835083,399426,1412,1071117845,427832316356970,0x2,0,0xa5cb34b75bd72f15290ef37a01f06183e8036875
0xdb20d49d2591caea0ed2886b1a880b135eac6deb9019e0c8efc153c5a3ca2d3d,26095754,1790837051,399414,1412,1081377829,431917444192206,0x2,0,0xa5cb34b75bd72f15290ef37a01f06183e8036875
0x804db908935a90176b873aefae6c3ab54ae5fc8da955a08ed596eaa4bd6cdc80,26095936,1790839235,399402,1412,1100463778,439527433860756,0x2,0,0xa5cb34b75bd72f15290ef37a01f06183e8036875
0xc360ccadbb172562c6abcb5e345425f9688d4dda909adb94f99287e7eee1a84d,26096092,None,399378,1412,1102690528,440390337691584,0x2,0,0xa5cb34b75bd72f15290ef37a01f06183e8036875
0x0d8ce75a97254415d11e2d27f847abb6e261ff208b0456355b6431d7238d4085,26096254,1790843063,399414,1412,1118671571,446813086859394,0x2,0,0xa5cb34b75bd72f15290ef37a01f06183e8036875
0x46be3deaa4c708bafcc05d2e6e928f2eae377699ba9fc4c42a0fe9ed3b173a57,26096401,1790844839,399378,1412,1109508483,443113278923574,0x2,0,0xa5cb34b75bd72f15290ef37a01f06183e8036875
0x5adcc4135b92e5127043aaa9cf67cb94cef237851ce5d4f5f6f3f76a13234a6a,26096567,1790846855,399426,1412,1095779829,437682953978154,0x2,0,0xa5cb34b75bd72f15290ef37a01f06183e8036875
0x3c6149fccd54c33c4343d6aa19ec73e1c06dfa52a42fac0f801c38f5e1d87e12,26096728,1790848787,399402,1412,1095052557,437366181370914,0x2,0,0xa5cb34b75bd72f15290ef37a01f06183e8036875
0x4d882797222aac3c8b3a205fa7a3825b0f23b08782b94ac2415f29c97f01257d,26096890,1790850731,399426,1412,1093835119,436906186241694,0x2,0,0xa5cb34b75bd72f15290ef37a01f06183e8036875
0x7b7148eb0602272653ea23061031c5cc448cd9ff800bcb0e85bde05cf328771e,26097167,1790854079,399414,1412,1083544901,432783003088014,0x2,0,0xa5cb34b75bd72f15290ef37a01f06183e8036875
0x923f2910064d7e8c28ba7aebdf9284ff6733ba18dceee25ef552c0867db037b0,26097217,1790854679,399426,1412,1089857531,435317434177206,0x2,0,0xa5cb34b75bd72f15290ef37a01f06183e8036875
0xeb52f39d25cf1c75670592596206a647f78b8e6bb8334470ed2f2f823f8a19c6,26097344,1790856203,399402,1412,1165937084,465677603223768,0x2,0,0xa5cb34b75bd72f15290ef37a01f06183e8036875
0xbd1deef314b57614aec9b2e951e78ac9a1963db6d302cc29f2e77d0ff385dce5,26097505,1790858159,399426,1412,1173877966,468877380447516,0x2,0,0xa5cb34b75bd72f15290ef37a01f06183e8036875
0xc0b71e6db0d148a725473e732b55cb1c5a4f782fc06bcd0bfc0d2d017a049f2b,26097665,1790860079,399414,1412,1284056259,512870046632226,0x2,0,0xa5cb34b75bd72f15290ef37a01f06183e8036875
0xed83121e7a7ff2ed2ef0ab060c6b98a1e56c0adf16de30d8f12728ac3963aff6,26097826,1790862035,399426,1412,1288142339,514517541897414,0x2,0,0xa5cb34b75bd72f15290ef37a01f06183e8036875
0xf78043fe25f4188e298ea6b7361dcfb2b5a3d7071e7147b6935472feb26e2e37,26097985,1790863943,399426,1412,1497009502,597944517345852,0x2,0,0xa5cb34b75bd72f15290ef37a01f06183e8036875
0x68f19fba4c25a74feacaa486d1607b4295c5f67b83cfd2fcaba96a3685659013,26098145,1790865875,399438,1412,1780940950,711375491186100,0x2,0,0xa5cb34b75bd72f15290ef37a01f06183e8036875
0x52622e4d8422a9e44e481cc8ae3537e5c74c3704fe01e4eae9c501ae20e91fb0,26098298,1790867735,399414,1412,1890887491,755246936330274,0x2,0,0xa5cb34b75bd72f15290ef37a01f06183e8036875
0x7dc90c0a897ce2ed25e935df9e8f347b10b99c6a34767ac776eba8024979bfd8,26098463,1790869715,399426,1412,1681218613,671522425716138,0x2,0,0xa5cb34b75bd72f15290ef37a01f06183e8036875
0x4575d2a1f65b74e22efec7036617427e8cf22423171f19a4adeca9e17e17ee3d,26098618,1790871587,399378,1412,9228933653,3685833064467834,0x2,0,0xa5cb34b75bd72f15290ef37a01f06183e8036875
0xf1e62b96dc231fe78cfca9a5527b112fc0ec7317c4cc4f4d0025999523999fae,26098785,1790873603,399414,1412,2132605857,851792635767798,0x2,0,0xa5cb34b75bd72f15290ef37a01f06183e8036875
0xca78f592f24a3a917d4136028c663bce2ed9198483f0297e6ae1851bcb59fc97,26098936,None,399450,1412,1474095058,588827270918100,0x2,0,0xa5cb34b75bd72f15290ef37a01f06183e8036875
0x2e62a9eebb94be61f126714c37fbbc59cdccf89ab10c996d75d63369c0d02df5,26099106,1790877455,399438,1412,2328061831,929916361650978,0x2,0,0xa5cb34b75bd72f15290ef37a01f06183e8036875
0x8cd3d7ab00f23622741007b6685f158e58b7915c0213d42604634fbccd6ae84e,26099273,1790879471,399414,1412,2301030895,919063953895530,0x2,0,0xa5cb34b75bd72f15290ef37a01f06183e8036875
0x64ef95bf9783eaa57e683f3b50f78b01a57e99503327ba79fd13ec5c502a9e92,26099426,1790881307,399438,1412,2597661434,1037604687874092,0x2,0,0xa5cb34b75bd72f15290ef37a01f06183e8036875
0x23b2f927f1b03d0a8b367a46ef9fd0b311c44815d7baec398f4d778daf43ea91,26099610,1790883527,399402,1412,4470260318,1785430911529836,0x2,0,0xa5cb34b75bd72f15290ef37a01f06183e8036875
0x2cbbff06c32ac28b23aff638b091618b9a26c0e9087b622b985b017935d5ed20,26099747,1790885171,399402,1412,4167002424,1664309102150448,0x2,0,0xa5cb34b75bd72f15290ef37a01f06183e8036875
0xf335bb4211890e8496bcc557b09fd2527926627655579362aeebd8d59e9ce60c,26099911,1790887151,399438,1412,2209728301,882649453094838,0x2,0,0xa5cb34b75bd72f15290ef37a01f06183e8036875
0x51a2bad0b13a5ab526cd97dbdd3b0153824159512bc84cfb276c9d4ed154a82a,26100078,1790889155,399402,1412,1511536553,603710722341306,0x2,0,0xa5cb34b75bd72f15290ef37a01f06183e8036875
0xcdbd4477eedc3be2cd3e1980a34651e3ad9c724526b2fd2d94c8fd2a73a433ea,26100221,1790890883,399402,1412,1484041598,592729182324396,0x2,0,0xa5cb34b75bd72f15290ef37a01f06183e8036875
0x762fb0f8c6dd44c85bdead944308ac0f4ff00f8de20dc908c5aff8cf0a931c0f,26100380,1790892803,399414,1412,1337690004,534292115257656,0x2,0,0xa5cb34b75bd72f15290ef37a01f06183e8036875
0xde7d81e5e95f6db1dbda779cc4bc56be76c637ed78f99d2da76ac2d59d231f74,26100540,1790894723,399390,1412,1202108452,480110094644280,0x2,0,0xa5cb34b75bd72f15290ef37a01f06183e8036875
0x1c5594c1dca30adbb203dcc5d378b23d1c71985556d31509892ee4b4f8cfb9e9,26100716,1790896835,399402,1412,1179826056,471224886418512,0x2,0,0xa5cb34b75bd72f15290ef37a01f06183e8036875
0xb2c9922e59117e59ceae8389dfadb9d21cd7572a6d3b5a2b23c8e8128b288a93,26100880,1790898803,399438,1412,1100720331,439669527573978,0x2,0,0xa5cb34b75bd72f15290ef37a01f06183e8036875
0xa90a12821c67ba22cdba2f84a62bd0c03d65142cc4bc749c5b72f25d733b66bd,26101013,1790900411,399426,1412,1159067105,462961537481730,0x2,0,0xa5cb34b75bd72f15290ef37a01f06183e8036875
0x243e808b69cf210d5318d791505a8c996d5685cc47659734002fc675c4e76f6d,26101173,1790902331,399438,1412,1136162799,453826596106962,0x2,0,0xa5cb34b75bd72f15290ef37a01f06183e8036875
0x31477ce852e89005adc7965cab368e4de10c1edcb2c9b498189451c8d893d50f,26101326,1790904191,399390,1412,1102593913,440364982913070,0x2,0,0xa5cb34b75bd72f15290ef37a01f06183e8036875
0xc80423d0a8e8d8319e1eab7a47da2f2b797e3aad08a1cec772b7472f5e14ec64,26101482,1790906063,399426,1412,1116011056,445763832053856,0x2,0,0xa5cb34b75bd72f15290ef37a01f06183e8036875
0x47e03ab7dd749028863a4271ddfd7e9bf20d0e0b5bab1d2129ca56cbe648054f,26101644,1790908007,399402,1412,1086630119,434002242788838,0x2,0,0xa5cb34b75bd72f15290ef37a01f06183e8036875
0x33b8c2a4a9b201181c494c15da5d2d6e870efb82ea8384f39c466233ad3eb2f7,26101811,1790910023,399414,1412,1106274044,441861341010216,0x2,0,0xa5cb34b75bd72f15290ef37a01f06183e8036875
0xd92d1e87dcb58d6e9eb79dc6b54a8c947ef840ddc2ccdc05b5b17081348c5ac5,26101967,1790911895,399390,1412,1107458189,442307726104710,0x2,0,0xa5cb34b75bd72f15290ef37a01f06183e8036875
0xa6af4468e5e0eb6b2844081f8eddef61d44cd848208ed325cebaca2f1ee1aa68,26102121,1790913743,399390,1412,1109827248,443253904578720,0x2,0,0xa5cb34b75bd72f15290ef37a01f06183e8036875
0x50e5ae8aff37e2ec5018c86d5b19f13dc64777d8617b51ea9e6e84405c9e4506,26102285,1790915723,399426,1412,1205417742,481475187016092,0x2,0,0xa5cb34b75bd72f15290ef37a01f06183e8036875
0x9bf85f81421bf61be182ad77331f076bbd70e6b8de22d0368488840d2f66f9e7,26102441,1790917595,399426,1412,1109940816,443339220371616,0x2,0,0xa5cb34b75bd72f15290ef37a01f06183e8036875
0xf2eb0db7195ccd5a80725720d3402df76761e9b812ea40293ddbc0c168c8bb41,26102597,1790919479,399426,1412,1127614901,450398709446826,0x2,0,0xa5cb34b75bd72f15290ef37a01f06183e8036875
0x7e2338971b2ae6eb3df44950601c8fb31cf1a63a513287da64b2a8ac5b48776c,26102768,1790921531,399378,1412,1099745174,439214028101772,0x2,0,0xa5cb34b75bd72f15290ef37a01f06183e8036875
0xf2c9a6b2fbd8202503ee9386fe0604b96de011a560cf69d32c502c3d0c6b1fbb,26102920,1790923367,399450,1412,1135857984,453718471708800,0x2,0,0xa5cb34b75bd72f15290ef37a01f06183e8036875
0xae353b1f11d5ca576a94281e153b64939cc59e6f6de41f83704b11f3f49f5e60,26103088,1790925383,399438,1412,1091761421,436090998481398,0x2,0,0xa5cb34b75bd72f15290ef37a01f06183e8036875
0x2a084e2066b35aaa804938f4d03d25232d20f19070bb50bbb2456c2dd2e7857b,26103246,1790927291,399378,1412,1092009921,436124738229138,0x2,0,0xa5cb34b75bd72f15290ef37a01f06183e8036875
0x338d88375a0cc5f92a2e0688773c83446d5bfee0446c8bdc26669861604269a0,26103406,1790929223,399378,1412,1286221509,513688573821402,0x2,0,0xa5cb34b75bd72f15290ef37a01f06183e8036875
0x7b5d16cf80d4064fc18acbafa65d13dad0305c9aa75b2686b43e966128d30a2f,26103562,1790931095,399402,1412,1126480134,449918418479868,0x2,0,0xa5cb34b75bd72f15290ef37a01f06183e8036875
0x7e7a79ae2fa458d961a273b89ea4a2a69d539ae250e5d521081643ab31ff4e22,26103724,1790933051,399390,1412,1110970717,443710594662630,0x2,0,0xa5cb34b75bd72f15290ef37a01f06183e8036875
0x857c37c6a099bdc5749dfa407680ceb197b0219a181704f4e6f692aa8a92fc41,26103883,1790934959,399402,1412,1098431224,438715627728048,0x2,0,0xa5cb34b75bd72f15290ef37a01f06183e8036875
0xe05076d42f14cfbe961bf6cbd6f563c0af36ec3ea5997286e90c909ee33c121f,26104042,1790936879,399402,1412,1108470198,442725214021596,0x2,0,0xa5cb34b75bd72f15290ef37a01f06183e8036875
0x80f3cfc497d022377ff758d87a84493a5dee2563a950b42cbd069c103e15af19,26104197,1790938763,399450,1412,1087535621,434416103808450,0x2,0,0xa5cb34b75bd72f15290ef37a01f06183e8036875
0x65d49586f0652eca6afdc96d91ca2eb9d3e8802731e4d9b6dbba6c0ad5abb622,26104359,1790940719,399366,1412,1105004414,441301192801524,0x2,0,0xa5cb34b75bd72f15290ef37a01f06183e8036875
0x4e73d0b07ad7d2a020acefe91089181a6fb7c9caf3c987c84a0747cf939baeae,26104520,1790942651,399438,1412,1154950539,461331133397082,0x2,0,0xa5cb34b75bd72f15290ef37a01f06183e8036875
0xef4a219133cc0d48c19c9dd881bd7a21de9b3f8c341d3c2e39b1133803c4b612,26104703,1790944847,399426,1412,1426997895,569980061208270,0x2,0,0xa5cb34b75bd72f15290ef37a01f06183e8036875
0xb1dc98c7e0b9016b5302b54eeee6b1aeb223e644443099c288edd6119b98f177,26104838,1790946503,399426,1412,1607286884,641992170928584,0x2,0,0xa5cb34b75bd72f15290ef37a01f06183e8036875
0x8b412b77d273569ecfd6cbd31f6bc52d47cc7ed44032fae92b9cdb9134720ef6,26105010,1790948579,399414,1412,1542540944,616112448606816,0x2,0,0xa5cb34b75bd72f15290ef37a01f06183e8036875
0x24c8ce1a8777e9675c1d7f2372d25ca2020d1ad7fc359735f6e1152a61987957,26105170,1790950499,399390,1412,1863455904,744245653498560,0x2,0,0xa5cb34b75bd72f15290ef37a01f06183e8036875
0xa8b076b22b2b5c3a2152784141df2583cc78abf918ab51de75b06c08784e5c6f,26105316,1790952263,399390,1412,1484231519,592787226373410,0x2,0,0xa5cb34b75bd72f15290ef37a01f06183e8036875
0xd9f95a33470840dece7b57858d88281074320b1e6d8d2d134329cd20343da0bd,26105468,1790954099,399414,1412,2023421357,808182817884798,0x2,0,0xa5cb34b75bd72f15290ef37a01f06183e8036875
0x22b18c7fa69c05d5057426572a44f9b43f0ca4c4ed04adbf16bd2ebac40bb6c5,26105634,1790956091,399426,1412,1612804951,644196230358126,0x2,0,0xa5cb34b75bd72f15290ef37a01f06183e8036875
0x62719c25aa204c27f7cdef53627f4ee66d8c45a0753f8266c3c264692a4e53c3,26105800,1790958107,399438,1412,1449215630,578871792815940,0x2,0,0xa5cb34b75bd72f15290ef37a01f06183e8036875
0xc07a9a8762d8bf7cb909bcfe9dcb24767c2b87abd3ba05e84e3000a1ca3a2ace,26105951,1790959931,399402,1412,1281159683,511697739709566,0x2,0,0xa5cb34b75bd72f15290ef37a01f06183e8036875
0xa2e1b6953c17d5aeaae76508c5f17a9e67444b46e2ea7096a03708c199665542,26106102,1790961755,399426,1412,1305469441,521438436940866,0x2,0,0xa5cb34b75bd72f15290ef37a01f06183e8036875
0x3d3d59db9e0f6142aa02b8b9cee81a177ba0272f3a78c4ac7f9db5ca119bbeb7,26106269,1790963759,399414,1412,1243773329,496780480429206,0x2,0,0xa5cb34b75bd72f15290ef37a01f06183e8036875
0xd6add1cf2a5039d8e6b47cba00de14e6ee2689b1426ed8bd0ed2be0de80a7097,26106434,1790965739,399426,1412,1224704354,489178761300804,0x2,0,0xa5cb34b75bd72f15290ef37a01f06183e8036875
0x0927a9294a9a4e272de30eca2d562500e608bc53657e0a2eea727d0f21148d88,26106605,1790967815,399426,1412,1608285007,642390847205982,0x2,0,0xa5cb34b75bd72f15290ef37a01f06183e8036875
0x48d67b8dede97b54d7ccd4ab79ce74b686842007089e8acc8f0477eaa784478c,26106741,1790969459,399438,1412,1236559029,493928665425702,0x2,0,0xa5cb34b75bd72f15290ef37a01f06183e8036875
0x338c84eb1a49a9470b8918f31107f94c865927ff1bc96bd867b3a00d0ec783c0,26106949,1790971967,399390,1412,1132295299,452227419467610,0x2,0,0xa5cb34b75bd72f15290ef37a01f06183e8036875
0x5dece97810620aa9c365f1da742525302b8f374e445079fbb246d1e114bcfe98,26107060,1790973299,399438,1412,1113713863,444859638008994,0x2,0,0xa5cb34b75bd72f15290ef37a01f06183e8036875
0xd654e2e7894deaaf17de75bddce1bf968f46e1e4c42687868db2ff6ee95670f2,26107226,1790975303,399426,1412,1114195383,445038605050158,0x2,0,0xa5cb34b75bd72f15290ef37a01f06183e8036875
0x73c4e5207397f10cc0da528ae703235ed8c032e29906f2a7cc075512afd317a9,26107384,1790977199,399414,1412,1106984074,442144936932636,0x2,0,0xa5cb34b75bd72f15290ef37a01f06183e8036875
0xfb768cfef9eafb477da41911a24a5186147ffc8ecb04402493f3c1423b105c6c,26107537,1790979047,399402,1412,1087042883,434167101555966,0x2,0,0xa5cb34b75bd72f15290ef37a01f06183e8036875
0xca598f58b60a5e09553ae3f56cbde781ec7a1305623f37d30ef6d9bd091df2e2,26107698,1790980979,399378,1412,1083843599,432863288881422,0x2,0,0xa5cb34b75bd72f15290ef37a01f06183e8036875
0x088e7413a01c91355fa917ec4d2a70dbaed5859b948337e402d0b5a90003e52f,26107861,1790982959,399414,1412,1078219673,430656032471622,0x2,0,0xa5cb34b75bd72f15290ef37a01f06183e8036875
0x819d6f5c011cae5a511414eb47dcfa6c5558d970f8fd98ecdb80a639c3a5ca3e,26108017,1790984831,399414,1412,1083828397,432896235359358,0x2,0,0xa5cb34b75bd72f15290ef37a01f06183e8036875
0x942a79987307ec23d4253865628fd10254e91803a0f224ec72fcf9accc729206,26108176,1790986739,399378,1412,1075786576,429645491149728,0x2,0,0xa5cb34b75bd72f15290ef37a01f06183e8036875
0x22efdadcc6b2661eeb24c628becfb409bd23a468fddb01334897e11ac37d2c0e,26108338,1790988683,399390,1412,1068646389,426806681302710,0x2,0,0xa5cb34b75bd72f15290ef37a01f06183e8036875
0xdbbf994def8960bd3653477a43625b909f11acefd777cf7f99f3d27672b4b6ee,26108495,1790990591,399414,1412,1075283034,429483097742076,0x2,0,0xa5cb34b75bd72f15290ef37a01f06183e8036875
0xa99e5672c5452816f9430e38b2be20a05853ed568eb15a06119d01a3bdcf5fcd,26108657,1790992547,399414,1412,1062714448,424463028533472,0x2,0,0xa5cb34b75bd72f15290ef37a01f06183e8036875
0x1c9b3138cca5add8109b8dc28898658e847ae675fbd475aafd287d2588e80df9,26108817,1790994479,399426,1412,1059682184,423264616026384,0x2,0,0xa5cb34b75bd72f15290ef37a01f06183e8036875
0xf8bf059cedfb393b6a7440b3e4557cce6ecbfc7c7057b0722fb4edc564a42216,26108972,1790996339,399426,1412,1068693024,426863779804224,0x2,0,0xa5cb34b75bd72f15290ef37a01f06183e8036875
0xe1463fb6d61c4cb7b910b8edbbe2e48dd8b47e20f2920bbce2a82a104aa775bd,26109136,1790998307,399414,1412,1078696253,430846385195742,0x2,0,0xa5cb34b75bd72f15290ef37a01f06183e8036875
0x55abe14cf888c0b5ba78ec17b3acc78c72eae80f89202206266cffb838db0fd6,26109289,1791000143,399438,1412,1078039120,430609790014560,0x2,0,0xa5cb34b75bd72f15290ef37a01f06183e8036875
0x6a5dfe9916fb63dffd98f03e10495477fa5905a7221ccd62b82f6e401a7d722e,26109456,1791002147,399390,1412,1087281394,434249315949660,0x2,0,0xa5cb34b75bd72f15290ef37a01f06183e8036875
0x1b7474fdaa2626a40dfa171acdb6ce30e8b563ac965a1d34e0a1b0837840cdbe,26109617,1791004079,399402,1412,1084225086,433041667798572,0x2,0,0xa5cb34b75bd72f15290ef37a01f06183e8036875
0x0321cd7731606e377d3456ba861922039c91ae4bc7ba6f69ca5ef389ef8ef6c5,26109771,1791005939,399402,1412,1060020990,423374503447980,0x2,0,0xa5cb34b75bd72f15290ef37a01f06183e8036875
0x17dfd5bd6fa9567552f0d532a349af89767f27398591878a8c927855ab341c89,26109934,1791007907,399414,1412,1063075194,424607115536316,0x2,0,0xa5cb34b75bd72f15290ef37a01f06183e8036875
0x9c9f99e5b7e14be85f0dc48992836a75dfa2c42d9ba37f82deb3b21863ef4859,26110091,1791009791,399438,1412,1081025176,431802534251088,0x2,0,0xa5cb34b75bd72f15290ef37a01f06183e8036875
0xe6b8c1083b50e7e5f34bf060b42079bb27de2ba64cb900edca5f7e4b999db15f,26110264,1791011879,399414,1412,1079187220,431042484289080,0x2,0,0xa5cb34b75bd72f15290ef37a01f06183e8036875
0xae74f8e74ca1ecb675d1bf98d291cb17b86c4e8938ac42ebc5f1e8f5f177d17d,26110424,1791013811,399402,1412,1070118057,427407292201914,0x2,0,0xa5cb34b75bd72f15290ef37a01f06183e8036875
0x60374ff2c978c3a841decf7da0eed0bc04dcdf3c1af954bdb37bc92436514af8,26110564,1791015491,399414,1412,1072450889,428351899379046,0x2,0,0xa5cb34b75bd72f15290ef37a01f06183e8036875
0x9a5c52b7fecf0ed5873eb79b591a86bb8dd6b59154bca580fe8c818eaa74161e,26110731,1791017495,399402,1412,1076077206,429787388230812,0x2,0,0xa5cb34b75bd72f15290ef37a01f06183e8036875
0x30ea26122fed48cac6638bd4e8c37c5d6f8b46408d356fdaaa58a53cc2a31b63,26110894,1791019463,399402,1412,1078930771,430927107798942,0x2,0,0xa5cb34b75bd72f15290ef37a01f06183e8036875
0xd3341362e9fd1b79ab07f6126be6e30f1315ad0c33ad4b803da6b401deffbb30,26111066,1791021527,399426,1412,1061990296,424186535970096,0x2,0,0xa5cb34b75bd72f15290ef37a01f06183e8036875
0x179bc8da247ef805027cb3ead1a0023ca4268612ca3872a349c5ce4f809b8a1f,26111210,1791023255,399366,1412,1070104111,427363198393626,0x2,0,0xa5cb34b75bd72f15290ef37a01f06183e8036875
0xc73199a6391b5605f701f10d2880d0cd0763ba6bf796dcb58ae572f2cda5adac,26111372,1791025211,399390,1412,1068492309,426745143291510,0x2,0,0xa5cb34b75bd72f15290ef37a01f06183e8036875
0x9acc12ff7a979c4832f5ced180cd84f33432381625a0a84acfa128ee683065f1,26111527,1791027071,399402,1412,1063884585,424917631018170,0x2,0,0xa5cb34b75bd72f15290ef37a01f06183e8036875
0x1ce4d6d765faa9e898edec1363e0c99c92a661ccbbaa4d0a5b87ad4fd9bb0dc7,26111704,1791029195,399426,1412,1068575904,426816999031104,0x2,0,0xa5cb34b75bd72f15290ef37a01f06183e8036875
0x0a8c85f4b4e9ac277952feb5594d848937b881ce8585f057944b64c587d706f9,26111848,1791030923,399414,1412,1064324693,425106182929902,0x2,0,0xa5cb34b75bd72f15290ef37a01f06183e8036875
0x3a7f6091512e8cb363348629fe1c0db29e5ed29b04b246d2fb8c98d459fe35d6,26112003,1791032795,399414,1412,1070020612,427381212721368,0x2,0,0xa5cb34b75bd72f15290ef37a01f06183e8036875
0x5c680b4eca569444d892546d4d871112218bd04bf65904bb6db629c76234394c,26112165,1791034739,399390,1412,1068320778,426676635525420,0x2,0,0xa5cb34b75bd72f15290ef37a01f06183e8036875
0x5738d785264194766dad3cb665e924e10fff515a4dfa188376b544f6300449e3,26112329,1791036719,399414,1412,1081798653,432085527189342,0x2,0,0xa5cb34b75bd72f15290ef37a01f06183e8036875
0x1aaa7fb10e8457cdb68574d69a3f513151aa52c05ab6a092e1349a9ee13f0055,26112483,1791038579,399414,1412,1085039197,433379845830558,0x2,0,0xa5cb34b75bd72f15290ef37a01f06183e8036875
0x03c8a412b9754926bafbeb0814e00128c7f75af7bab5d259dbf673f964d8e008,26112643,1791040511,399426,1412,1062294520,424308050945520,0x2,0,0xa5cb34b75bd72f15290ef37a01f06183e8036875
0xc435ce78957d93ed56dbd1cebaad5c06f7dbbd62e2c8b34f11bf4a0c5218fa30,26112803,1791042431,399414,1412,1080624987,431616748557618,0x2,0,0xa5cb34b75bd72f15290ef37a01f06183e8036875
0x4d7ccd0164f755dc5f3032f63a4910e2045d4c88f9a2415b7ccff6a5f3ff7c48,26112964,1791044375,399390,1412,1077553760,430364196206400,0x2,0,0xa5cb34b75bd72f15290ef37a01f06183e8036875
0xe5c10107698f114969ac5f85ec09d38ce858c4c7d8a9ff8b63886ad31d088c6b,26113132,1791046391,399366,1412,1061594832,423964881676512,0x2,0,0xa5cb34b75bd72f15290ef37a01f06183e8036875
0x3e74cf1f0e6c64e7c155e43916e33ae1a8614803bb08a314209cf1a238820a96,26113303,1791048455,399378,1412,1239771168,495137329533504,0x2,0,0xa5cb34b75bd72f15290ef37a01f06183e8036875
0xe8802111b5b0b8fe6921289531d163af38a2f88ba75b451710c25ed19e2a8aed,26113455,1791050279,399402,1412,1105371512,441487592635824,0x2,0,0xa5cb34b75bd72f15290ef37a01f06183e8036875
0x117c9d92ba3b9d94e474d8ae3532ea0c9b8ec0f4a13163570ca6872dadc680c4,26113622,1791052307,399378,1412,1643020291,656186157778998,0x2,0,0xa5cb34b75bd72f15290ef37a01f06183e8036875
0x9a298fb22dc0c1faf24163c484d2ccf7780d72b16b8af9d282377e9206291974,26113779,1791054203,399426,1412,1366998741,546014839122666,0x2,0,0xa5cb34b75bd72f15290ef37a01f06183e8036875
0x6ccb2e085aee9e532ace929f729195b4aa3813c28dfed15667f774b929f61bc0,26113939,1791056123,399426,1412,1092708147,436456044323622,0x2,0,0xa5cb34b75bd72f15290ef37a01f06183e8036875
0x3713b8408702a346b6b12800e5c39bc02b2d4083e3ae2a49789aeb40c71ed277,26114107,1791058139,399438,1412,1092616852,436432690129176,0x2,0,0xa5cb34b75bd72f15290ef37a01f06183e8036875
0x8b06a6530ff909bd01b27b650d861de8a34ca397966476eb95ba9312ba3a3c29,26114249,1791059843,399438,1412,1068540024,426815490106512,0x2,0,0xa5cb34b75bd72f15290ef37a01f06183e8036875
0xb9c45ecc56b68779c6e01c2779354daa00b697eae487881487b4cdc1e2b8f539,26114399,1791061643,399378,1412,1067343488,426273507550464,0x2,0,0xa5cb34b75bd72f15290ef37a01f06183e8036875
0xd8fb002c85054ab0c8571e2bac29e3c14e57f568e5142f51af4d89766e1dc4a1,26114555,1791063515,399438,1412,1096879783,438135466761954,0x2,0,0xa5cb34b75bd72f15290ef37a01f06183e8036875
0x18901262185297892e56aeb82855c1a74700bd1e9e8cab8efbd5f36a59610070,26114749,1791065855,399414,1412,1061285779,423892398133506,0x2,0,0xa5cb34b75bd72f15290ef37a01f06183e8036875
0x60bcf8b30ca2e264e338fef03e9a1e8459613e5cd2a4a1a6f804b135b143b9ed,26114875,1791067367,399402,1412,1065540111,425578851413622,0x2,0,0xa5cb34b75bd72f15290ef37a01f06183e8036875
0x610931d4776da2a31a982cedb8495bd24df94770024739d1b1f6be81bcfab276,26115043,1791069383,399378,1412,1066187170,425811699580260,0x2,0,0xa5cb34b75bd72f15290ef37a01f06183e8036875
0x9c7adcc235807232355e34632ae6df18e88f710505d01c13f28eefc6200c0d56,26115195,1791071219,399426,1412,1066575401,426017946119826,0x2,0,0xa5cb34b75bd72f15290ef37a01f06183e8036875
0xb3a8f3a873b796bfb0c80511f081654b7ba5450934476f21a7c2cc879d0d4cee,26115363,1791073235,399390,1412,1068336553,426682935902670,0x2,0,0xa5cb34b75bd72f15290ef37a01f06183e8036875
0x8dd8be52cf2233f3aa353e48a161f535a7031cea074d65cceb90ccf0b5434b36,26115514,1791075047,399426,1412,1091545317,435991579788042,0x2,0,0xa5cb34b75bd72f15290ef37a01f06183e8036875
0xb625648d6b7e69bfa4f16b411a42f74325224c6ac2e30c31317e5b1d78831eea,26115682,1791077075,399414,1412,1054780067,421293925680738,0x2,0,0xa5cb34b75bd72f15290ef37a01f06183e8036875
0x1a05809d723bbbd4f79947f373abdfd7552576d6c04238a9ec872c1b6a477fa5,26115846,1791079055,399438,1412,1114519669,445181507546022,0x2,0,0xa5cb34b75bd72f15290ef37a01f06183e8036875
0xc57c58666aefb4d0405d98e44cb645c25e7621718028ef8022a4c4b5d7b3bf03,26116003,1791080939,399390,1412,1064582820,425183732479800,0x2,0,0xa5cb34b75bd72f15290ef37a01f06183e8036875
0x64005eac42833e3fe32399e8fee6f72e9b5680ae4991fb170e772ccc66b8dc6b,26116162,1791082847,399414,1412,1071865529,428118098400006,0x2,0,0xa5cb34b75bd72f15290ef37a01f06183e8036875
0x1746757a654622711a76c6e8cf1c674adcb6f424edf40aaf96faf36c9af3e859,26116327,1791084827,399414,1412,1070139829,427428829660206,0x2,0,0xa5cb34b75bd72f15290ef37a01f06183e8036875
0x781c4f84a36461c210743e2995af668a2e9a187940169fe3cc3a1e960581d589,26116472,1791086579,399414,1412,1078162371,430633145250594,0x2,0,0xa5cb34b75bd72f15290ef37a01f06183e8036875
0x3afb7cc98a762d810f7cd71ef07f73a8381df281a96e40e9452ace980feadac8,26116641,1791088619,399402,1412,1062376389,424315254519378,0x2,0,0xa5cb34b75bd72f15290ef37a01f06183e8036875
0x646d984d867610eb8e8ddbeeee9e2e3c7ea20c4ea3cb00cdbe32102ee72520c8,26116811,1791090659,399438,1412,1063674947,424872193479786,0x2,0,0xa5cb34b75bd72f15290ef37a01f06183e8036875
0x58cd36a381cd93c77c9f5a51efdd13da2d7b7cedac47bce13ee14589023cf862,26116962,1791092471,399414,1412,1063380612,424729103761368,0x2,0,0xa5cb34b75bd72f15290ef37a01f06183e8036875
0x97f0f50b0ee16a11681b351e94c9cc255cd4583ab0249767d793a6fad2b83d48,26117126,1791094451,399426,1412,1061297035,423909629501910,0x2,0,0xa5cb34b75bd72f15290ef37a01f06183e8036875
0x44fb29ceb9edb09bb67b77d196a3862dba2ac8cf7b2580b37d150b3107498022,26117267,1791096143,399438,1412,1059971076,423392726655288,0x2,0,0xa5cb34b75bd72f15290ef37a01f06183e8036875
0x65c1150407fec2262b11eb94d3776c106761cc74690e0cd973fdd8370e26d202,26117434,1791098147,399366,1412,1065898315,425683546468290,0x2,0,0xa5cb34b75bd72f15290ef37a01f06183e8036875
0xaf39dfab0ced03c2f97b21ca70d9b4ef2371b4b9e07ee6ecac893e9cdb60d13b,26117597,1791100103,399426,1412,1065457613,425571472530138,0x2,0,0xa5cb34b75bd72f15290ef37a01f06183e8036875
0xcb3f2b6840761e2ed09228fe23a84db4c7074e9b98f16d648dcf92b12f7f9fa8,26117756,1791102035,399438,1412,1060628527,423655337567826,0x2,0,0xa5cb34b75bd72f15290ef37a01f06183e8036875
0xfe7d3831f15f1353b4886740312176e785e5ce95f3a827b648db30bcd08471ce,26117911,1791103907,399438,1412,1189114530,474977529634140,0x2,0,0xa5cb34b75bd72f15290ef37a01f06183e8036875
0xcd687d00b9bbd19d794659187e2ed8a91c23dfec4f073eb844187a9f98fa09a2,26118071,1791105827,399438,1412,1393135717,556471344527046,0x2,0,0xa5cb34b75bd72f15290ef37a01f06183e8036875
0x89e9519136597d6c49fde319791faeb3d76ee1393c9a52aa00e19b25a999139d,26118231,1791107759,399450,1412,1104225381,441082828440450,0x2,0,0xa5cb34b75bd72f15290ef37a01f06183e8036875
0xb58d6c18ce5d6bf2bf910358d89e37783729c825c6a9b979a04cb90789cbd6c6,26118394,1791109727,399438,1412,1092448945,436365621692910,0x2,0,0xa5cb34b75bd72f15290ef37a01f06183e8036875
0x26a0300d667657336e9b5de97b5c8d3655181ba8c784c1b80ecd50135121add4,26118547,1791111587,399414,1412,1064813623,425301468416922,0x2,0,0xa5cb34b75bd72f15290ef37a01f06183e8036875
0x72e9b5fe383cf6359bc6ecd11e4f9049c8b7197c24e664aba952cb2d123c0626,26118704,1791113471,399438,1412,1071987673,428192612127774,0x2,0,0xa5cb34b75bd72f15290ef37a01f06183e8036875
0x2d3d6b0ebaa71d7ebb0c326a346e2e9d576a10efd0070bd83700b49ea258b081,26118865,1791115403,399414,1412,1073214156,428656758904584,0x2,0,0xa5cb34b75bd72f15290ef37a01f06183e8036875
0x8a926b0fe33c4949ba033b3eadd101fff6edf87d3d072611f0bdd000600152cb,26119029,1791117371,399462,1412,1069240043,427120766056866,0x2,0,0xa5cb34b75bd72f15290ef37a01f06183e8036875
0x5db8f3dbed0b5fd0a0cedc52abac9d56118928a5ecbd83398cf199d1936ae0b9,26119196,1791119375,399450,1412,1074051719,429029959154550,0x2,0,0xa5cb34b75bd72f15290ef37a01f06183e8036875
0xd32c884bf55089f56148ecbc2de1ef8882e28222ac64e51a2a6f55bc77fda9ef,26119364,1791121403,399378,1412,1172591902,468307408636956,0x2,0,0xa5cb34b75bd72f15290ef37a01f06183e8036875
0xb65d2b44bbbec7e0349c33ebc0b6421749b0808224e6ef89e1044130916dbe2f,26119525,1791123335,399402,1412,1385065254,553197832578108,0x2,0,0xa5cb34b75bd72f15290ef37a01f06183e8036875
0x5964fcb57f3654b0db9934187317fea8d602d9911176610d133fb0b7903be5b6,26119688,1791125291,399390,1412,1163589019,464725818298410,0x2,0,0xa5cb34b75bd72f15290ef37a01f06183e8036875
0x03aa04efc1c1aa22e6108f17dcce0699c898fe900cb8a1ad83fac50c8def638e,26119871,1791127487,399414,1412,1207697862,482371433852868,0x2,0,0xa5cb34b75bd72f15290ef37a01f06183e8036875
0x68ed3b47dfc3582e0f4e2a077cbbcbddc040e91dd1bf1dd65e780dca6a6bc069,26119995,1791128975,399462,1412,1151899544,460140095645328,0x2,0,0xa5cb34b75bd72f15290ef37a01f06183e8036875
0x089968f12db1a1f8f06d84139e18197588f60b33d7f2c7c7c2bac7514808bf8a,26120154,1791130895,399438,1412,1159433405,463121760426390,0x2,0,0xa5cb34b75bd72f15290ef37a01f06183e8036875
0x9ef415f4e27ddcc2b1097e064cd11df23b55fecb5837183349ca18ea3ca461c8,26120304,1791132707,399414,1412,1122068760,448169971706640,0x2,0,0xa5cb34b75bd72f15290ef37a01f06183e8036875
0xce6bbd660642fba3c75d82caafda18c380b846bdfd135ee4b8243641040cf999,26120472,1791134723,399426,1412,1123551325,448775611539450,0x2,0,0xa5cb34b75bd72f15290ef37a01f06183e8036875
0x422898ae18fdf0b4ba8c6d42d44da219f073bffdc648c094d3c407e36ef5de36,26120636,1791136703,399390,1412,1112361086,444265894137540,0x2,0,0xa5cb34b75bd72f15290ef37a01f06183e8036875
0x6e26adb8ba0fe3246c67b9e97294aab57f26f92d7fc2fcbd03492fbb8cc5ecf2,26120777,1791138407,399390,1412,1117343138,446255675885820,0x2,0,0xa5cb34b75bd72f15290ef37a01f06183e8036875
0xfd4499780ea4ad20120bef90470e948cf292aa93d29ed9ca231528b3c4a1d1d3,26120947,1791140459,399402,1412,1157730519,462399884749638,0x2,0,0xa5cb34b75bd72f15290ef37a01f06183e8036875
0x814c71f8a5893483b20b26028957144b687425fb8a8b120107968957e7b3e808,26121108,1791142391,399426,1412,1112818212,444488527146312,0x2,0,0xa5cb34b75bd72f15290ef37a01f06183e8036875
0x5851a88884f87e0ded3bf25ed4c41b89f82bf1288fa9da42b75578aecf9de792,26121280,1791144455,399426,1412,1118732204,446850729314904,0x2,0,0xa5cb34b75bd72f15290ef37a01f06183e8036875
0xf1fdd5128301f27cf6c1557699b97d39c690c1d7f264c1d66cff4801dfb9880b,26121418,1791146135,399402,1412,1223482362,488661302347524,0x2,0,0xa5cb34b75bd72f15290ef37a01f06183e8036875
0x68a8894be4cb351ef63f544999168b3de2408f9ce3b2ab96fcc22d61c10841ba,26121583,1791148115,399390,1412,1099002645,438930666386550,0x2,0,0xa5cb34b75bd72f15290ef37a01f06183e8036875
0x1f77e21051944b398dffc73c28ac96d7a3338c09c601a5f6951aec04bfefaf96,26121748,1791150107,399402,1412,1110123099,443385385986798,0x2,0,0xa5cb34b75bd72f15290ef37a01f06183e8036875
0x6884aeb42c83263f2de6abc0ff110fc60f89613b2ddc7aeb7efe93a24481192e,26121911,1791152063,399414,1412,1101646335,440012969247690,0x2,0,0xa5cb34b75bd72f15290ef37a01f06183e8036875
0x157605e0edb0ed0f3a8e29937b21e663c8f919e151a82d47ded36af525f5bd8b,26122058,1791153827,399438,1412,1103286112,440694398005056,0x2,0,0xa5cb34b75bd72f15290ef37a01f06183e8036875
0x9fcbe2902f2139ddcd131de76889b75263d8b8fbfbbffadb26799a55d6521fde,26122228,1791155867,399414,1412,1122091554,448179075949356,0x2,0,0xa5cb34b75bd72f15290ef37a01f06183e8036875
0xc0d290b86c5bb48a215f8bcc46b7525698918efb6663bea30db09f57c8bb6e11,26122388,1791157787,399414,1412,1106112259,441796721816226,0x2,0,0xa5cb34b75bd72f15290ef37a01f06183e8036875
0x9b05b117c20e595a4bf427a99bf7388657c634c7353189edaae1588a6bf30e93,26122543,1791159659,399402,1412,1127608251,450368990665902,0x2,0,0xa5cb34b75bd72f15290ef37a01f06183e8036875
0xfc05384d496305158a852ea6b183073da910e5f5b2744db8424dae85793edef0,26122700,1791161543,399402,1412,1101881222,440093563829244,0x2,0,0xa5cb34b75bd72f15290ef37a01f06183e8036875
0x9f835a59f6125f5fa20e024b4c5177f00c1ecacccf22747e14b6993fce0d58be,26122862,1791163487,399342,1412,1087450477,434264648386134,0x2,0,0xa5cb34b75bd72f15290ef37a01f06183e8036875
0x7ee484ae32d031490921ca0e1d69d296ddfc54852b6661421193a5345762c625,26123014,1791165311,399354,1412,1075081371,429338045834334,0x2,0,0xa5cb34b75bd72f15290ef37a01f06183e8036875
0x6c279141ac40707e8caee8479f4013474abdf72cda29d638613196f6618c0495,26123179,1791167291,399438,1412,1066704582,426082344824916,0x2,0,0xa5cb34b75bd72f15290ef37a01f06183e8036875
0xad5dd5552ea4cbda62838ac6e93cf244773320796d6cbca4aaa001d1011e94c8,26123333,1791169139,399438,1412,1074286959,429111034329042,0x2,0,0xa5cb34b75bd72f15290ef37a01f06183e8036875
0xd905b5255698a1c27cfc56bae6f16a35e485804b05e2553151eac4914733cf44,26123496,1791171095,399402,1412,1092821633,436475145863466,0x2,0,0xa5cb34b75bd72f15290ef37a01f06183e8036875
0x2f3a578f82724eaed893ecc65a15562101eba5a79c1b4604781552ec80ffab00,26123652,1791172967,399426,1412,1100722609,439657228822434,0x2,0,0xa5cb34b75bd72f15290ef37a01f06183e8036875
0xc975e6f4993b994ca1370f4c7cdda680d8a6c120d4b3fc79effe9f714b82bf93,26123819,1791174983,399414,1412,1114693479,445224181221306,0x2,0,0xa5cb34b75bd72f15290ef37a01f06183e8036875
0xd4e9a5cc4edd75fc1eb307f4d9a5fbc15a99de4c507b0a0217d791a197cf46d1,26123985,1791176987,399414,1412,1102166917,440220896986638,0x2,0,0xa5cb34b75bd72f15290ef37a01f06183e8036875
0xe78fe35ceb30167ee359972a25fdbaf60597a1cb5f19f321f8ea28afeee14b87,26124138,1791178835,399366,1412,1079922978,431284520031948,0x2,0,0xa5cb34b75bd72f15290ef37a01f06183e8036875
0xd4a3460279a11d56bd7bd9f385fa5e8593f8dca22afca10f3dfb48d13c0ef29f,26124294,1791180707,399426,1412,1104714352,441251634761952,0x2,0,0xa5cb34b75bd72f15290ef37a01f06183e8036875
0x212c95da703b1c68cdb107d910bfd869ae4e89b07e45e46c63f16e06f8d6f05b,26124454,1791182639,399462,1412,1063406473,424790476517526,0x2,0,0xa5cb34b75bd72f15290ef37a01f06183e8036875
0x956e2becdfc0368e5aaacea54fdd0661361a6d4a8dc6e735a23ad403eb75d79b,26124627,1791184715,399426,1412,1111387448,443917042804848,0x2,0,0xa5cb34b75bd72f15290ef37a01f06183e8036875
0xee13125f7bc1bad8a9783e97c34c50f627077d4ee45fe5af0e8e0510b4297bef,26124772,1791186479,399402,1412,1122011445,448133615155890,0x2,0,0xa5cb34b75bd72f15290ef37a01f06183e8036875
0xee8eddd4054c55e6b4b7dd27218ee80247a52e7e81f80f63597bc712ca52e7ad,26124940,1791188507,399402,1412,1137309467,454243675738734,0x2,0,0xa5cb34b75bd72f15290ef37a01f06183e8036875
0xabb5e97a89137377b3b07a4edb37abcbec4e5b70254909619769118a042a2930,26125089,1791190295,399414,1412,1126463044,449925110256216,0x2,0,0xa5cb34b75bd72f15290ef37a01f06183e8036875
0x2e542f8f16971f54c0e3c2028040c932e49a61e6b28405b50fe84fe010a084e0,26125250,1791192227,399414,1412,1100464367,439540874680938,0x2,0,0xa5cb34b75bd72f15290ef37a01f06183e8036875
0x1adce81dd49fdb87c39121e05ee423eaadb16d800f29a1bc086b624900ba5645,26125422,1791194303,399390,1412,1129866023,451257190925970,0x2,0,0xa5cb34b75bd72f15290ef37a01f06183e8036875
0x36452029bf72c21bbafc3b9d2dab5a2f1a2b2aee4d2dab5104732c5f745f31ea,26125589,1791196307,399414,1412,1114878454,445298062825956,0x2,0,0xa5cb34b75bd72f15290ef37a01f06183e8036875
0x8204ce28d77003466bda8473f5b081e53657e34a9af6bcead3c9de60ad045edc,26125736,1791198071,399414,1412,1118963135,446929541602890,0x2,0,0xa5cb34b75bd72f15290ef37a01f06183e8036875
0x6aa614f73ed1bbfc7397d4be5aab98ada6eb35b50fbd1a6121c00cfb70a69be6,26125901,1791200075,399426,1412,1140928231,455716399595406,0x2,0,0xa5cb34b75bd72f15290ef37a01f06183e8036875
0x7610ac49597f398508eef3b6330058da60e6ce88e45a1a80b2fc6fe2414d573c,26126057,1791201971,399426,1412,3206848868,1280898815949768,0x2,0,0xa5cb34b75bd72f15290ef37a01f06183e8036875
0x6186e4cc426d4935700a521569540c98e6ab8adef7b281de807e7e8caa1391fa,26126205,1791203759,399390,1412,1695374985,677115815259150,0x2,0,0xa5cb34b75bd72f15290ef37a01f06183e8036875
0x3dea0b0fd85a1a18cbc10a47d518e9e22c61dbe133b65aa926f8e3ea6b3532cd,26126370,1791205739,399462,1412,1586455056,633728509579872,0x2,0,0xa5cb34b75bd72f15290ef37a01f06183e8036875
0xc8b64ac2c4fd28fda4b8c7adcb012a178d24175865ba27c4a4d88c7eff603141,26126524,1791207623,399426,1412,1643136054,656311261505004,0x2,0,0xa5cb34b75bd72f15290ef37a01f06183e8036875
0x825f2b9fc2ff952a40b7bbb23514b6781d74776f5a01b43a20d0667ed7ed916c,26126682,1791209531,399390,1412,1924967447,768812748657330,0x2,0,0xa5cb34b75bd72f15290ef37a01f06183e8036875
0x4dfb20dec29e016f111a0d6b0da407f211024737a935b58d4beb28632faa8c54,26126864,1791211727,399414,1412,1798814377,718471645575078,0x2,0,0xa5cb34b75bd72f15290ef37a01f06183e8036875
0x3fdbaa3948cabcdd78487a9caa74258c4f0a017529e8849780b2117b2aa65b1e,26127013,1791213515,399450,1412,1996330252,797434119161400,0x2,0,0xa5cb34b75bd72f15290ef37a01f06183e8036875
0xbf1ce22a85946fb9e1baecd615ee65d8e6c219f55e1194f39e6afa51bd592d93,26127176,1791215471,399462,1412,2208024199,882021762580938,0x2,0,0xa5cb34b75bd72f15290ef37a01f06183e8036875
0x624eccaa168e79677cad4226cce7c922b2f884de24f956384df09a6e6dada62f,26127323,1791217235,399390,1412,3038134036,1213400352638040,0x2,0,0xa5cb34b75bd72f15290ef37a01f06183e8036875
0x4b196e11d627a12e591e0f7f7d5c2a69811c366f9d3323a6b67b673ec7cbe41d,26127478,1791219107,399450,1412,2425611774,968910623124300,0x2,0,0xa5cb34b75bd72f15290ef37a01f06183e8036875
0x31087aed34a5a0508df69d83395d93500d94327d61196766472cc5c868280971,26127692,1791221687,399426,1412,1747761541,698101401275466,0x2,0,0xa5cb34b75bd72f15290ef37a01f06183e8036875
0x0383f1dce82c5f5be1114e5a68d66627e73ed20062aa0c73d4e0ca1835ca4c61,26127824,1791223271,399414,1412,1717104482,685835569573548,0x2,0,0xa5cb34b75bd72f15290ef37a01f06183e8036875
0xd8e8c6fb2b1893e26751f08546eaa08a1b0215d629799afdd2b4a9cef99574ff,26127983,1791225179,399426,1412,2966258783,1184800880658558,0x2,0,0xa5cb34b75bd72f15290ef37a01f06183e8036875
0x498879ffe7e93723aad4643ea953fb245135423f34bf8264a281c7490bae2c24,26128144,1791227111,399414,1412,1624630385,648900120594390,0x2,0,0xa5cb34b75bd72f15290ef37a01f06183e8036875
0xb70257fc67bf61e4e40586dce0adb5909beb90e4c9e041714cec569103e8d458,26128313,1791229151,399402,1412,1747236790,697849868399580,0x2,0,0xa5cb34b75bd72f15290ef37a01f06183e8036875
0x7f1b30e57eca052853db6d8d18201977286dc2fbfc64cbbedb12aa67be3c92cd,26128478,1791231131,399378,1412,1359914424,543119902828272,0x2,0,0xa5cb34b75bd72f15290ef37a01f06183e8036875
0xdfd7c157c428348b4bbb441612a1157d4e4cb11b9b660bdeb23e51250293e6fa,26128600,1791232595,399450,1412,1321142017,527730178690650,0x2,0,0xa5cb34b75bd72f15290ef37a01f06183e8036875
0xa154530aae126c89de04f895994006b0144b3f96c8386f14583d05b3e2ece963,26128774,1791234683,399354,1412,1221688439,487886164868406,0x2,0,0xa5cb34b75bd72f15290ef37a01f06183e8036875
0xe3ace27351cee7cc6fc6acf549162e410200a28dfde0c39756ff5b7a87b9bc57,26128911,1791236327,399390,1412,3040779990,1214457120206100,0x2,0,0xa5cb34b75bd72f15290ef37a01f06183e8036875
0xd9883abb0789cafe3e906d70d9cd47f462f5c3bbd09ff2011faefce9e213c7c5,26129070,1791238247,399438,1412,1294742869,517169502107622,0x2,0,0xa5cb34b75bd72f15290ef37a01f06183e8036875
0x034d08095c6325f1cc98d2bece7dd622fb51111d82977f1ecddcbe8fc69c5dbc,26129230,1791240167,399414,1412,1209335646,483025587711444,0x2,0,0xa5cb34b75bd72f15290ef37a01f06183e8036875
0x8d71383ccd9ceab7570878d010d7b5934847f295a831594efec8af6a1fe0308a,26129394,1791242147,399426,1412,1206842120,482044120623120,0x2,0,0xa5cb34b75bd72f15290ef37a01f06183e8036875
0xf3594f5e5ef4d6a02cdaba01e972a803e935c58fa638cd9e98f11053b52619f6,26129551,1791244043,399402,1412,1227006667,490068916813134,0x2,0,0xa5cb34b75bd72f15290ef37a01f06183e8036875
0x8d6d045916105f9883b436b2e5b6c19bae53819b15a7ee0bef399611613d610b,26129712,1791245999,399390,1412,1247609527,498282768988530,0x2,0,0xa5cb34b75bd72f15290ef37a01f06183e8036875
0x8af6f7c984b62522bc703ecd5a44a4974ca696ea908a440fc77fa791c7b15ee9,26129866,1791247847,399414,1412,1144264133,457035114418062,0x2,0,0xa5cb34b75bd72f15290ef37a01f06183e8036875
0xf76ae12f4bbf52e8c5dc0b0d6f2701aec838a89b0ed3add077d6be6294def7cb,26130023,1791249767,399414,1412,1181115556,471754088684184,0x2,0,0xa5cb34b75bd72f15290ef37a01f06183e8036875
0x25388dd00fe3c5fbe279ab7ff6b96762f42de28414ed3c9afa463366fc1415cf,26130185,1791251723,399426,1412,1144383431,457096496310606,0x2,0,0xa5cb34b75bd72f15290ef37a01f06183e8036875
0x3f9de0246cf480e8f4e0e67702960147f682283a6f3a1cd09269674685e8f742,26130342,1791253631,399378,1412,1149265865,458991502631970,0x2,0,0xa5cb34b75bd72f15290ef37a01f06183e8036875
0x6734cd9b4b5a7cb6b24e25f2d5a752b1b2ba15bd9f431a0ff92c8187c665d8c5,26130502,1791255551,399414,1412,1117112456,446190354500784,0x2,0,0xa5cb34b75bd72f15290ef37a01f06183e8036875
0x9b7040d04adb30af4f621d9f56993bb9679d8af9f9e5e84c756ae4783c535847,26130662,1791257471,399414,1412,1196328379,477830303169906,0x2,0,0xa5cb34b75bd72f15290ef37a01f06183e8036875
0x00bfe3c165077ccb428bf3e45ef798e96b222945d21c3c312f5a7cc200fdf318,26130827,1791259463,399402,1412,1173915364,468864144212328,0x2,0,0xa5cb34b75bd72f15290ef37a01f06183e8036875
0xade083c0929b1c7a1f5d2d351c00fbe0f99f48eeb61e225780ad3308a7161e00,26130988,1791261395,399390,1412,1162247845,464190166814550,0x2,0,0xa5cb34b75bd72f15290ef37a01f06183e8036875
0x7fa39b5dc8e6d14d4308b74128cba64ba36523b1282713108a07bd274aace316,26131143,1791263255,399438,1412,1159548839,463167869152482,0x2,0,0xa5cb34b75bd72f15290ef37a01f06183e8036875
0xa37de2edac63b3217303eab5566805d6984a428c9d112495ee4875b7508584a1,26131303,1791265175,399390,1412,1188666646,474741571745940,0x2,0,0xa5cb34b75bd72f15290ef37a01f06183e8036875
0x518dde71a26bb3e8597a851f9ecd905b92e9900dacd4d48093622b833e8a39e7,26131461,1791267071,399414,1412,1207265175,482198612607450,0x2,0,0xa5cb34b75bd72f15290ef37a01f06183e8036875
0x1cca16e9ebfe29eaec25c4a19cf590898ddab3f1c5b3f91fffa186b9a2973aae,26131620,1791268991,399450,1412,1176772766,470061881378700,0x2,0,0xa5cb34b75bd72f15290ef37a01f06183e8036875
0x177b2fffe1d60ac781019228798c81f10e7c75fa440ead46f2f96f7a5d45efc4,26131779,1791270911,399450,1412,1141890295,456128078337750,0x2,0,0xa5cb34b75bd72f15290ef37a01f06183e8036875
0xf74cf64c7a04b5ace76ff697b8e5b025eba26405de562dba228867641b38bc01,26131941,1791272855,399414,1412,1126113342,449785434381588,0x2,0,0xa5cb34b75bd72f15290ef37a01f06183e8036875
0x13cfdfd054a53e8a1a705e5d8f9dfc068c6672dbea0fad0944a755a178985569,26132099,1791274763,399426,1412,1214888043,485257871463318,0x2,0,0xa5cb34b75bd72f15290ef37a01f06183e8036875
0x9977d435b54f0a32f9c7f08bc6020e8e9dc63e4ad4cb5d1dd75050ac77477969,26132258,1791276683,399426,1412,1273814536,508794644856336,0x2,0,0xa5cb34b75bd72f15290ef37a01f06183e8036875
0xfe74faefc904bbefd25e63682de5a6538d4a1cfc71feab6bbcf7312ecd189153,26132415,1791278579,399378,1412,1222027752,488050999538256,0x2,0,0xa5cb34b75bd72f15290ef37a01f06183e8036875
0x093159a889e4d6516a2ba2bf399123b2a72c3bee228878cc73cc4e97a620c1d2,26132577,1791280571,399402,1412,2114127080,844386584006160,0x2,0,0xa5cb34b75bd72f15290ef37a01f06183e8036875
0x47906513aec9a91cb8e97c194b4a1bc9eb760d3aaf53f51549d3d79a11902880,26132728,1791282431,399426,1412,4532862605,1810543178864730,0x2,0,0xa5cb34b75bd72f15290ef37a01f06183e8036875
0x7eea791a04535774fcf32a821ffb2643d676798a7f78419582c115bc66f1b294,26132888,1791284351,399426,1412,1890959027,755298200318502,0x2,0,0xa5cb34b75bd72f15290ef37a01f06183e8036875
0x54faba834a8753bbd3c3ee9aafdbfcfc792aec6288ec1d956c635956f9dd304f,26133050,1791286295,399438,1412,1474938920,589146652326960,0x2,0,0xa5cb34b75bd72f15290ef37a01f06183e8036875
0x5d1f051e0232def983632f35aec39358f291ed7db893fd1a70c48fa7cfba59c3,26133209,1791288203,399438,1412,1446820682,577915159576716,0x2,0,0xa5cb34b75bd72f15290ef37a01f06183e8036875
0xa9027f397cb9481d4e2c15b0c86bfb16cc9e1a5190422b04e7344ba7bee2b4e8,26133373,1791290171,399414,1412,1372948536,548374866557904,0x2,0,0xa5cb34b75bd72f15290ef37a01f06183e8036875
0xfba502362268d925335df0fb7747cffc5eb86225de833f6eaa7e7fbb5f87a002,26133526,1791292019,399402,1412,1365578054,545414605923708,0x2,0,0xa5cb34b75bd72f15290ef37a01f06183e8036875
0xeb492424b731ee7e6f20690c8e3a7f5821bba4d5d0189d8ce144ba7ecd3f14a2,26133687,1791293963,399402,1412,1509803821,603018665715042,0x2,0,0xa5cb34b75bd72f15290ef37a01f06183e8036875
0xe622a1d4fe01053d756ce68b30d5b091d887bc7eb9e7b263011397b176b28d05,26133844,1791295871,399426,1412,2805135478,1120444043435628,0x2,0,0xa5cb34b75bd72f15290ef37a01f06183e8036875
0x88351f2f6f56bfb4852d9ceae1cf3880e889c00dcf70f23c7de385d464f5b4e7,26134001,1791297755,399378,1412,2948918872,1177733321261616,0x2,0,0xa5cb34b75bd72f15290ef37a01f06183e8036875
0x20f31eed4455af7068a9dbe4d23af191d08c37283ee75e7edf32e3b851239dd8,26134164,1791299735,399450,1412,2254049747,900380171439150,0x2,0,0xa5cb34b75bd72f15290ef37a01f06183e8036875
0xb23bbf79c6480fa89cd05584510b85be8a9ecb0830ebd63ac9a9d9b2b93f991b,26134327,1791301691,399426,1412,1466464098,585743888807748,0x2,0,0xa5cb34b75bd72f15290ef37a01f06183e8036875
0xb931bd3e2d8d3dfa689fe82115c2452ac1af8196c548ac36a25db74679d981ac,26134485,1791303599,399414,1412,3324952273,1328032487168022,0x2,0,0xa5cb34b75bd72f15290ef37a01f06183e8036875
0x626258844c32b7a5f2ead5d9dd48eb5eb0e5bb711e2d3010a6ad06b0477156f4,26134643,1791305495,399438,1412,1988015183,794088808667154,0x2,0,0xa5cb34b75bd72f15290ef37a01f06183e8036875
0x140666d9d676e0dfa26f7805a91cd025e8bbc67c6a449b22b40b0ab80a3de20b,26134806,1791307463,399450,1412,1503979455,600764593299750,0x2,0,0xa5cb34b75bd72f15290ef37a01f06183e8036875
0xb9c4c36d0344eae46437edf74e457d72872fd87a7c563bf7464eb53d88968020,26134964,1791309359,399426,1412,1479834702,591084455681052,0x2,0,0xa5cb34b75bd72f15290ef37a01f06183e8036875
0xb36806a3805ae7eb111fcdcdae3a536101fa4ef94a4fb64f3af3f6c65999920b,26135126,1791311303,399414,1412,1552953877,620271519828078,0x2,0,0xa5cb34b75bd72f15290ef37a01f06183e8036875
0xa18d4dcc5f9df817a0e2af6c9d5ba3ee1f27e0e66c12fef9967f717700b3e9cf,26135286,1791313223,399414,1412,1693139752,676263720905328,0x2,0,0xa5cb34b75bd72f15290ef37a01f06183e8036875
0xa6af8dd80c10563b765fafa70373b455844d96e5394fb5ef937e9fe172a1ca4c,26135451,1791315203,399414,1412,1510129842,603167000712588,0x2,0,0xa5cb34b75bd72f15290ef37a01f06183e8036875
0xf08cf9cc3f118a60d4b9f7c02c51cee6941d41ac2dc13ec0d446eadbcf5458a3,26135602,1791317015,399426,1412,1691342103,675566010832878,0x2,0,0xa5cb34b75bd72f15290ef37a01f06183e8036875
0x71624fab135f0c2fdda1a482f7c16e77072bf306f444f7fbe5e45b455dba34a7,26135761,1791318923,399438,1412,1488166784,594430363867392,0x2,0,0xa5cb34b75bd72f15290ef37a01f06183e8036875
0xd4bd6a8676b1ae2cb4277cc3bdff44a47a0c412281ce541bf12d804eed902605,26135922,1791320855,399426,1412,1298668693,518722041370218,0x2,0,0xa5cb34b75bd72f15290ef37a01f06183e8036875
0x4305a6b9048ad58e099e7347508819b756bf92a6c49a780c1bbdffa2da46beb6,26136080,1791322751,399426,1412,1206390920,481863899611920,0x2,0,0xa5cb34b75bd72f15290ef37a01f06183e8036875
0xc047356afb5ccd150a52677f7a8478263535400b7e2967bc661fb2c754a2eeb2,26136245,1791324743,399402,1412,1324371053,528956447310306,0x2,0,0xa5cb34b75bd72f15290ef37a01f06183e8036875
0x0cd996722d1185c46d5386c1a13aa0f2f391735543f680851df8bd8f96c2f0eb,26136399,1791326591,399450,1412,1158291882,462679692264900,0x2,0,0xa5cb34b75bd72f15290ef37a01f06183e8036875
0x778c17eb64c065c8aae63d7a4cc849f0609ae20db122ef9fd9fb3bbae5430a47,26136557,1791328487,399390,1412,1438008202,574326095796780,0x2,0,0xa5cb34b75bd72f15290ef37a01f06183e8036875
0xa985a47cc5ee668549b197e4d097b48f914b1a54962f4d27465f0ab614e7fef9,26136721,1791330455,399414,1412,1330460773,531404659187022,0x2,0,0xa5cb34b75bd72f15290ef37a01f06183e8036875
