from_height,to_height,from_time,to_time,interval_s
108446206,108446207,2026-10-07T13:12:43.993037341Z,2026-10-07T13:12:44.527682935Z,0.535
108446207,108446208,2026-10-07T13:12:44.527682935Z,2026-10-07T13:12:45.240739274Z,0.713
108446208,108446209,2026-10-07T13:12:45.240739274Z,2026-10-07T13:12:45.75237003Z,0.512
108446209,108446210,2026-10-07T13:12:45.75237003Z,2026-10-07T13:12:46.376443486Z,0.624
108446210,108446211,2026-10-07T13:12:46.376443486Z,2026-10-07T13:12:47.005734144Z,0.629
108446211,108446212,2026-10-07T13:12:47.005734144Z,2026-10-07T13:12:47.59549516Z,0.59
108446212,108446213,2026-10-07T13:12:47.59549516Z,2026-10-07T13:12:48.172192663Z,0.577
108446213,108446214,2026-10-07T13:12:48.172192663Z,2026-10-07T13:12:48.711955034Z,0.54
108446214,108446215,2026-10-07T13:12:48.711955034Z,2026-10-07T13:12:49.206696086Z,0.495
108446215,108446216,2026-10-07T13:12:49.206696086Z,2026-10-07T13:12:49.783140292Z,0.576
108446216,108446217,2026-10-07T13:12:49.783140292Z,2026-10-07T13:12:50.365117176Z,0.582
108446217,108446218,2026-10-07T13:12:50.365117176Z,2026-10-07T13:12:51.07647995Z,0.711
108446218,108446219,2026-10-07T13:12:51.07647995Z,2026-10-07T13:12:51.708106369Z,0.632
108446219,108446220,2026-10-07T13:12:51.708106369Z,2026-10-07T13:12:52.345333602Z,0.637
108446220,108446221,2026-10-07T13:12:52.345333602Z,2026-10-07T13:12:52.891629928Z,0.546
108446221,108446222,2026-10-07T13:12:52.891629928Z,2026-10-07T13:12:53.580906176Z,0.689
108446222,108446223,2026-10-07T13:12:53.580906176Z,2026-10-07T13:12:54.234620163Z,0.654
108446223,108446224,2026-10-07T13:12:54.234620163Z,2026-10-07T13:12:54.834210191Z,0.6
108446224,108446225,2026-10-07T13:12:54.834210191Z,2026-10-07T13:12:55.437619649Z,0.603
108446225,108446226,2026-10-07T13:12:55.437619649Z,2026-10-07T13:12:56.006379512Z,0.569
108446226,108446227,2026-10-07T13:12:56.006379512Z,2026-10-07T13:12:56.74239384Z,0.736
108446227,108446228,2026-10-07T13:12:56.74239384Z,2026-10-07T13:12:57.290601774Z,0.548
108446228,108446229,2026-10-07T13:12:57.290601774Z,2026-10-07T13:12:57.799238835Z,0.509
108446229,108446230,2026-10-07T13:12:57.799238835Z,2026-10-07T13:12:58.601442638Z,0.802
108446230,108446231,2026-10-07T13:12:58.601442638Z,2026-10-07T13:12:59.171664023Z,0.57
108446231,108446232,2026-10-07T13:12:59.171664023Z,2026-10-07T13:12:59.917445368Z,0.746
108446232,108446233,2026-10-07T13:12:59.917445368Z,2026-10-07T13:13:00.704835493Z,0.787
108446233,108446234,2026-10-07T13:13:00.704835493Z,2026-10-07T13:13:01.266458548Z,0.562
108446234,108446235,2026-10-07T13:13:01.266458548Z,2026-10-07T13:13:01.751744637Z,0.485
108446235,108446236,2026-10-07T13:13:01.751744637Z,2026-10-07T13:13:02.401027105Z,0.649
108446236,108446237,2026-10-07T13:13:02.401027105Z,2026-10-07T13:13:03.073697909Z,0.673
108446237,108446238,2026-10-07T13:13:03.073697909Z,2026-10-07T13:13:03.71766741Z,0.644
108446238,108446239,2026-10-07T13:13:03.71766741Z,2026-10-07T13:13:04.354717978Z,0.637
108446239,108446240,2026-10-07T13:13:04.354717978Z,2026-10-07T13:13:04.964237017Z,0.61
108446240,108446241,2026-10-07T13:13:04.964237017Z,2026-10-07T13:13:05.553879746Z,0.59
108446241,108446242,2026-10-07T13:13:05.553879746Z,2026-10-07T13:13:06.25810157Z,0.704
108446242,108446243,2026-10-07T13:13:06.25810157Z,2026-10-07T13:13:06.821873143Z,0.564
108446243,108446244,2026-10-07T13:13:06.821873143Z,2026-10-07T13:13:07.286989419Z,0.465
108446244,108446245,2026-10-07T13:13:07.286989419Z,2026-10-07T13:13:07.861365325Z,0.574
108446245,108446246,2026-10-07T13:13:07.861365325Z,2026-10-07T13:13:08.560138234Z,0.699
108446246,108446247,2026-10-07T13:13:08.560138234Z,2026-10-07T13:13:09.400397379Z,0.84
108446247,108446248,2026-10-07T13:13:09.400397379Z,2026-10-07T13:13:09.986594231Z,0.586
108446248,108446249,2026-10-07T13:13:09.986594231Z,2026-10-07T13:13:10.683161085Z,0.697
108446249,108446250,2026-10-07T13:13:10.683161085Z,2026-10-07T13:13:11.25236969Z,0.569
108446250,108446251,2026-10-07T13:13:11.25236969Z,2026-10-07T13:13:11.794132661Z,0.542
108446251,108446252,2026-10-07T13:13:11.794132661Z,2026-10-07T13:13:12.361138323Z,0.567
108446252,108446253,2026-10-07T13:13:12.361138323Z,2026-10-07T13:13:12.967337163Z,0.606
108446253,108446254,2026-10-07T13:13:12.967337163Z,2026-10-07T13:13:13.538353845Z,0.571
108446254,108446255,2026-10-07T13:13:13.538353845Z,2026-10-07T13:13:14.133459864Z,0.595
108446255,108446256,2026-10-07T13:13:14.133459864Z,2026-10-07T13:13:14.695958418Z,0.562
108446256,108446257,2026-10-07T13:13:14.695958418Z,2026-10-07T13:13:15.252684213Z,0.557
108446257,108446258,2026-10-07T13:13:15.252684213Z,2026-10-07T13:13:15.929616934Z,0.677
108446258,108446259,2026-10-07T13:13:15.929616934Z,2026-10-07T13:13:16.571419857Z,0.642
108446259,108446260,2026-10-07T13:13:16.571419857Z,2026-10-07T13:13:17.299372867Z,0.728
108446260,108446261,2026-10-07T13:13:17.299372867Z,2026-10-07T13:13:17.866474369Z,0.567
108446261,108446262,2026-10-07T13:13:17.866474369Z,2026-10-07T13:13:18.494140916Z,0.628
108446262,108446263,2026-10-07T13:13:18.494140916Z,2026-10-07T13:13:19.077676201Z,0.584
108446263,108446264,2026-10-07T13:13:19.077676201Z,2026-10-07T13:13:19.579095201Z,0.501
108446264,108446265,2026-10-07T13:13:19.579095201Z,2026-10-07T13:13:20.276523435Z,0.697
108446265,108446266,2026-10-07T13:13:20.276523435Z,2026-10-07T13:13:20.819145685Z,0.543
108446266,108446267,2026-10-07T13:13:20.819145685Z,2026-10-07T13:13:21.404570515Z,0.585
108446267,108446268,2026-10-07T13:13:21.404570515Z,2026-10-07T13:13:22.080581681Z,0.676
108446268,108446269,2026-10-07T13:13:22.080581681Z,2026-10-07T13:13:22.675721531Z,0.595
108446269,108446270,2026-10-07T13:13:22.675721531Z,2026-10-07T13:13:23.253309436Z,0.578
108446270,108446271,2026-10-07T13:13:23.253309436Z,2026-10-07T13:13:23.940231515Z,0.687
108446271,108446272,2026-10-07T13:13:23.940231515Z,2026-10-07T13:13:24.507534314Z,0.567
108446272,108446273,2026-10-07T13:13:24.507534314Z,2026-10-07T13:13:25.093803442Z,0.586
108446273,108446274,2026-10-07T13:13:25.093803442Z,2026-10-07T13:13:25.721225988Z,0.627
108446274,108446275,2026-10-07T13:13:25.721225988Z,2026-10-07T13:13:26.327254954Z,0.606
108446275,108446276,2026-10-07T13:13:26.327254954Z,2026-10-07T13:13:26.970178388Z,0.643
108446276,108446277,2026-10-07T13:13:26.970178388Z,2026-10-07T13:13:27.591584295Z,0.621
108446277,108446278,2026-10-07T13:13:27.591584295Z,2026-10-07T13:13:28.200183504Z,0.609
108446278,108446279,2026-10-07T13:13:28.200183504Z,2026-10-07T13:13:28.84488312Z,0.645
108446279,108446280,2026-10-07T13:13:28.84488312Z,2026-10-07T13:13:29.466785752Z,0.622
108446280,108446281,2026-10-07T13:13:29.466785752Z,2026-10-07T13:13:30.105738514Z,0.639
108446281,108446282,2026-10-07T13:13:30.105738514Z,2026-10-07T13:13:30.657198873Z,0.551
108446282,108446283,2026-10-07T13:13:30.657198873Z,2026-10-07T13:13:31.214744588Z,0.558
108446283,108446284,2026-10-07T13:13:31.214744588Z,2026-10-07T13:13:31.845885489Z,0.631
108446284,108446285,2026-10-07T13:13:31.845885489Z,2026-10-07T13:13:32.467611078Z,0.622
108446285,108446286,2026-10-07T13:13:32.467611078Z,2026-10-07T13:13:33.094251271Z,0.627
108446286,108446287,2026-10-07T13:13:33.094251271Z,2026-10-07T13:13:33.720110241Z,0.626
108446287,108446288,2026-10-07T13:13:33.720110241Z,2026-10-07T13:13:34.305842079Z,0.586
108446288,108446289,2026-10-07T13:13:34.305842079Z,2026-10-07T13:13:34.898374984Z,0.593
108446289,108446290,2026-10-07T13:13:34.898374984Z,2026-10-07T13:13:35.540034053Z,0.642
108446290,108446291,2026-10-07T13:13:35.540034053Z,2026-10-07T13:13:36.301406903Z,0.761
108446291,108446292,2026-10-07T13:13:36.301406903Z,2026-10-07T13:13:36.915602432Z,0.614
108446292,108446293,2026-10-07T13:13:36.915602432Z,2026-10-07T13:13:37.411903921Z,0.496
108446293,108446294,2026-10-07T13:13:37.411903921Z,2026-10-07T13:13:38.146420694Z,0.735
108446294,108446295,2026-10-07T13:13:38.146420694Z,2026-10-07T13:13:38.717646244Z,0.571
108446295,108446296,2026-10-07T13:13:38.717646244Z,2026-10-07T13:13:39.377747578Z,0.66
108446296,108446297,2026-10-07T13:13:39.377747578Z,2026-10-07T13:13:39.968647918Z,0.591
108446297,108446298,2026-10-07T13:13:39.968647918Z,2026-10-07T13:13:40.503773827Z,0.535
108446298,108446299,2026-10-07T13:13:40.503773827Z,2026-10-07T13:13:41.018062916Z,0.514
108446299,108446300,2026-10-07T13:13:41.018062916Z,2026-10-07T13:13:41.522584558Z,0.505
108446300,108446301,2026-10-07T13:13:41.522584558Z,2026-10-07T13:13:42.001544434Z,0.479
108446301,108446302,2026-10-07T13:13:42.001544434Z,2026-10-07T13:13:42.566830962Z,0.565
108446302,108446303,2026-10-07T13:13:42.566830962Z,2026-10-07T13:13:43.160318756Z,0.593
108446303,108446304,2026-10-07T13:13:43.160318756Z,2026-10-07T13:13:43.690185334Z,0.53
108446304,108446305,2026-10-07T13:13:43.690185334Z,2026-10-07T13:13:44.204112262Z,0.514
108446305,108446306,2026-10-07T13:13:44.204112262Z,2026-10-07T13:13:44.882568748Z,0.678
108446306,108446307,2026-10-07T13:13:44.882568748Z,2026-10-07T13:13:45.387457105Z,0.505
108446307,108446308,2026-10-07T13:13:45.387457105Z,2026-10-07T13:13:45.997559856Z,0.61
108446308,108446309,2026-10-07T13:13:45.997559856Z,2026-10-07T13:13:46.522176735Z,0.525
108446309,108446310,2026-10-07T13:13:46.522176735Z,2026-10-07T13:13:47.073849647Z,0.552
108446310,108446311,2026-10-07T13:13:47.073849647Z,2026-10-07T13:13:47.58888655Z,0.515
108446311,108446312,2026-10-07T13:13:47.58888655Z,2026-10-07T13:13:48.123145216Z,0.534
108446312,108446313,2026-10-07T13:13:48.123145216Z,2026-10-07T13:13:48.701830947Z,0.579
108446313,108446314,2026-10-07T13:13:48.701830947Z,2026-10-07T13:13:49.231397732Z,0.53
108446314,108446315,2026-10-07T13:13:49.231397732Z,2026-10-07T13:13:49.813001654Z,0.582
108446315,108446316,2026-10-07T13:13:49.813001654Z,2026-10-07T13:13:50.393551863Z,0.581
108446316,108446317,2026-10-07T13:13:50.393551863Z,2026-10-07T13:13:50.91196005Z,0.518
108446317,108446318,2026-10-07T13:13:50.91196005Z,2026-10-07T13:13:51.447485892Z,0.536
108446318,108446319,2026-10-07T13:13:51.447485892Z,2026-10-07T13:13:51.997185362Z,0.55
108446319,108446320,2026-10-07T13:13:51.997185362Z,2026-10-07T13:13:52.536849205Z,0.54
108446320,108446321,2026-10-07T13:13:52.536849205Z,2026-10-07T13:13:53.142823814Z,0.606
108446321,108446322,2026-10-07T13:13:53.142823814Z,2026-10-07T13:13:53.763032644Z,0.62
108446322,108446323,2026-10-07T13:13:53.763032644Z,2026-10-07T13:13:54.403566151Z,0.641
108446323,108446324,2026-10-07T13:13:54.403566151Z,2026-10-07T13:13:54.924477187Z,0.521
108446324,108446325,2026-10-07T13:13:54.924477187Z,2026-10-07T13:13:55.472836753Z,0.548
108446325,108446326,2026-10-07T13:13:55.472836753Z,2026-10-07T13:13:56.091106308Z,0.618
108446326,108446327,2026-10-07T13:13:56.091106308Z,2026-10-07T13:13:56.643752442Z,0.553
108446327,108446328,2026-10-07T13:13:56.643752442Z,2026-10-07T13:13:57.275885715Z,0.632
108446328,108446329,2026-10-07T13:13:57.275885715Z,2026-10-07T13:13:57.858112864Z,0.582
108446329,108446330,2026-10-07T13:13:57.858112864Z,2026-10-07T13:13:58.377950353Z,0.52
108446330,108446331,2026-10-07T13:13:58.377950353Z,2026-10-07T13:13:58.921837902Z,0.544
108446331,108446332,2026-10-07T13:13:58.921837902Z,2026-10-07T13:13:59.486562716Z,0.565
108446332,108446333,2026-10-07T13:13:59.486562716Z,2026-10-07T13:14:00.06409628Z,0.578
108446333,108446334,2026-10-07T13:14:00.06409628Z,2026-10-07T13:14:00.574916578Z,0.511
108446334,108446335,2026-10-07T13:14:00.574916578Z,2026-10-07T13:14:01.05129688Z,0.476
108446335,108446336,2026-10-07T13:14:01.05129688Z,2026-10-07T13:14:01.543299267Z,0.492
108446336,108446337,2026-10-07T13:14:01.543299267Z,2026-10-07T13:14:02.062657352Z,0.519
108446337,108446338,2026-10-07T13:14:02.062657352Z,2026-10-07T13:14:02.678107181Z,0.615
108446338,108446339,2026-10-07T13:14:02.678107181Z,2026-10-07T13:14:03.179482673Z,0.501
108446339,108446340,2026-10-07T13:14:03.179482673Z,2026-10-07T13:14:03.731521777Z,0.552
108446340,108446341,2026-10-07T13:14:03.731521777Z,2026-10-07T13:14:04.342474855Z,0.611
108446341,108446342,2026-10-07T13:14:04.342474855Z,2026-10-07T13:14:04.900159712Z,0.558
108446342,108446343,2026-10-07T13:14:04.900159712Z,2026-10-07T13:14:05.536958611Z,0.637
108446343,108446344,2026-10-07T13:14:05.536958611Z,2026-10-07T13:14:06.1447374Z,0.608
108446344,108446345,2026-10-07T13:14:06.1447374Z,2026-10-07T13:14:06.729968154Z,0.585
108446345,108446346,2026-10-07T13:14:06.729968154Z,2026-10-07T13:14:07.39262897Z,0.663
108446346,108446347,2026-10-07T13:14:07.39262897Z,2026-10-07T13:14:07.911260029Z,0.519
108446347,108446348,2026-10-07T13:14:07.911260029Z,2026-10-07T13:14:08.529166631Z,0.618
108446348,108446349,2026-10-07T13:14:08.529166631Z,2026-10-07T13:14:09.235216506Z,0.706
108446349,108446350,2026-10-07T13:14:09.235216506Z,2026-10-07T13:14:09.854809377Z,0.62
108446350,108446351,2026-10-07T13:14:09.854809377Z,2026-10-07T13:14:10.562523037Z,0.708
108446351,108446352,2026-10-07T13:14:10.562523037Z,2026-10-07T13:14:11.141615045Z,0.579
108446352,108446353,2026-10-07T13:14:11.141615045Z,2026-10-07T13:14:12.008585749Z,0.867
108446353,108446354,2026-10-07T13:14:12.008585749Z,2026-10-07T13:14:12.656098322Z,0.648
108446354,108446355,2026-10-07T13:14:12.656098322Z,2026-10-07T13:14:13.275373362Z,0.619
108446355,108446356,2026-10-07T13:14:13.275373362Z,2026-10-07T13:14:13.914258052Z,0.639
108446356,108446357,2026-10-07T13:14:13.914258052Z,2026-10-07T13:14:14.500488659Z,0.586
108446357,108446358,2026-10-07T13:14:14.500488659Z,2026-10-07T13:14:15.079253903Z,0.579
108446358,108446359,2026-10-07T13:14:15.079253903Z,2026-10-07T13:14:15.75822257Z,0.679
108446359,108446360,2026-10-07T13:14:15.75822257Z,2026-10-07T13:14:16.381036185Z,0.623
108446360,108446361,2026-10-07T13:14:16.381036185Z,2026-10-07T13:14:16.970147311Z,0.589
108446361,108446362,2026-10-07T13:14:16.970147311Z,2026-10-07T13:14:17.525793032Z,0.556
108446362,108446363,2026-10-07T13:14:17.525793032Z,2026-10-07T13:14:18.242620452Z,0.717
108446363,108446364,2026-10-07T13:14:18.242620452Z,2026-10-07T13:14:18.898217711Z,0.656
108446364,108446365,2026-10-07T13:14:18.898217711Z,2026-10-07T13:14:19.556914055Z,0.659
108446365,108446366,2026-10-07T13:14:19.556914055Z,2026-10-07T13:14:20.08405381Z,0.527
108446366,108446367,2026-10-07T13:14:20.08405381Z,2026-10-07T13:14:20.592561656Z,0.509
108446367,108446368,2026-10-07T13:14:20.592561656Z,2026-10-07T13:14:21.370310969Z,0.778
108446368,108446369,2026-10-07T13:14:21.370310969Z,2026-10-07T13:14:21.966742256Z,0.596
108446369,108446370,2026-10-07T13:14:21.966742256Z,2026-10-07T13:14:22.598530635Z,0.632
108446370,108446371,2026-10-07T13:14:22.598530635Z,2026-10-07T13:14:23.189899292Z,0.591
108446371,108446372,2026-10-07T13:14:23.189899292Z,2026-10-07T13:14:23.736401804Z,0.547
108446372,108446373,2026-10-07T13:14:23.736401804Z,2026-10-07T13:14:24.323756225Z,0.587
108446373,108446374,2026-10-07T13:14:24.323756225Z,2026-10-07T13:14:24.914251807Z,0.59
108446374,108446375,2026-10-07T13:14:24.914251807Z,2026-10-07T13:14:25.609601487Z,0.695
108446375,108446376,2026-10-07T13:14:25.609601487Z,2026-10-07T13:14:26.201675499Z,0.592
108446376,108446377,2026-10-07T13:14:26.201675499Z,2026-10-07T13:14:26.752860202Z,0.551
108446377,108446378,2026-10-07T13:14:26.752860202Z,2026-10-07T13:14:27.313956111Z,0.561
108446378,108446379,2026-10-07T13:14:27.313956111Z,2026-10-07T13:14:28.290531844Z,0.977
108446379,108446380,2026-10-07T13:14:28.290531844Z,2026-10-07T13:14:28.813194809Z,0.523
108446380,108446381,2026-10-07T13:14:28.813194809Z,2026-10-07T13:14:29.462960451Z,0.65
108446381,108446382,2026-10-07T13:14:29.462960451Z,2026-10-07T13:14:30.106796802Z,0.644
108446382,108446383,2026-10-07T13:14:30.106796802Z,2026-10-07T13:14:30.708792636Z,0.602
108446383,108446384,2026-10-07T13:14:30.708792636Z,2026-10-07T13:14:31.216894292Z,0.508
108446384,108446385,2026-10-07T13:14:31.216894292Z,2026-10-07T13:14:32.015248991Z,0.798
108446385,108446386,2026-10-07T13:14:32.015248991Z,2026-10-07T13:14:32.617936276Z,0.603
108446386,108446387,2026-10-07T13:14:32.617936276Z,2026-10-07T13:14:33.244916563Z,0.627
108446387,108446388,2026-10-07T13:14:33.244916563Z,2026-10-07T13:14:33.830102994Z,0.585
108446388,108446389,2026-10-07T13:14:33.830102994Z,2026-10-07T13:14:34.525016218Z,0.695
108446389,108446390,2026-10-07T13:14:34.525016218Z,2026-10-07T13:14:35.131039148Z,0.606
108446390,108446391,2026-10-07T13:14:35.131039148Z,2026-10-07T13:14:35.783534406Z,0.652
108446391,108446392,2026-10-07T13:14:35.783534406Z,2026-10-07T13:14:36.426993286Z,0.643
108446392,108446393,2026-10-07T13:14:36.426993286Z,2026-10-07T13:14:37.016143583Z,0.589
108446393,108446394,2026-10-07T13:14:37.016143583Z,2026-10-07T13:14:37.616961144Z,0.601
108446394,108446395,2026-10-07T13:14:37.616961144Z,2026-10-07T13:14:38.208628987Z,0.592
108446395,108446396,2026-10-07T13:14:38.208628987Z,2026-10-07T13:14:38.726760962Z,0.518
108446396,108446397,2026-10-07T13:14:38.726760962Z,2026-10-07T13:14:39.335427952Z,0.609
108446397,108446398,2026-10-07T13:14:39.335427952Z,2026-10-07T13:14:39.938664268Z,0.603
108446398,108446399,2026-10-07T13:14:39.938664268Z,2026-10-07T13:14:40.563699891Z,0.625
108446399,108446400,2026-10-07T13:14:40.563699891Z,2026-10-07T13:14:41.126325728Z,0.563
108446400,108446401,2026-10-07T13:14:41.126325728Z,2026-10-07T13:14:41.875856064Z,0.75
108446401,108446402,2026-10-07T13:14:41.875856064Z,2026-10-07T13:14:42.426902028Z,0.551
108446402,108446403,2026-10-07T13:14:42.426902028Z,2026-10-07T13:14:43.078649141Z,0.652
108446403,108446404,2026-10-07T13:14:43.078649141Z,2026-10-07T13:14:43.667616042Z,0.589
108446404,108446405,2026-10-07T13:14:43.667616042Z,2026-10-07T13:14:44.352796916Z,0.685
108446405,108446406,2026-10-07T13:14:44.352796916Z,2026-10-07T13:14:45.008573913Z,0.656
108446406,108446407,2026-10-07T13:14:45.008573913Z,2026-10-07T13:14:45.572934646Z,0.564
108446407,108446408,2026-10-07T13:14:45.572934646Z,2026-10-07T13:14:46.132356192Z,0.559
108446408,108446409,2026-10-07T13:14:46.132356192Z,2026-10-07T13:14:46.740691543Z,0.608
108446409,108446410,2026-10-07T13:14:46.740691543Z,2026-10-07T13:14:47.287387601Z,0.547
108446410,108446411,2026-10-07T13:14:47.287387601Z,2026-10-07T13:14:47.934414698Z,0.647
108446411,108446412,2026-10-07T13:14:47.934414698Z,2026-10-07T13:14:48.459530747Z,0.525
108446412,108446413,2026-10-07T13:14:48.459530747Z,2026-10-07T13:14:49.054407522Z,0.595
108446413,108446414,2026-10-07T13:14:49.054407522Z,2026-10-07T13:14:49.545219369Z,0.491
108446414,108446415,2026-10-07T13:14:49.545219369Z,2026-10-07T13:14:50.183160254Z,0.638
108446415,108446416,2026-10-07T13:14:50.183160254Z,2026-10-07T13:14:50.817724931Z,0.635
108446416,108446417,2026-10-07T13:14:50.817724931Z,2026-10-07T13:14:51.441326461Z,0.624
108446417,108446418,2026-10-07T13:14:51.441326461Z,2026-10-07T13:14:51.976079689Z,0.535
108446418,108446419,2026-10-07T13:14:51.976079689Z,2026-10-07T13:14:52.666365028Z,0.69
108446419,108446420,2026-10-07T13:14:52.666365028Z,2026-10-07T13:14:53.331187115Z,0.665
108446420,108446421,2026-10-07T13:14:53.331187115Z,2026-10-07T13:14:53.932825791Z,0.602
108446421,108446422,2026-10-07T13:14:53.932825791Z,2026-10-07T13:14:54.495613499Z,0.563
108446422,108446423,2026-10-07T13:14:54.495613499Z,2026-10-07T13:14:55.18691859Z,0.691
108446423,108446424,2026-10-07T13:14:55.18691859Z,2026-10-07T13:14:55.761915192Z,0.575
108446424,108446425,2026-10-07T13:14:55.761915192Z,2026-10-07T13:14:56.368774707Z,0.607
108446425,108446426,2026-10-07T13:14:56.368774707Z,2026-10-07T13:14:56.947687376Z,0.579
108446426,108446427,2026-10-07T13:14:56.947687376Z,2026-10-07T13:14:57.543243988Z,0.596
108446427,108446428,2026-10-07T13:14:57.543243988Z,2026-10-07T13:14:58.128293067Z,0.585
108446428,108446429,2026-10-07T13:14:58.128293067Z,2026-10-07T13:14:58.73283867Z,0.605
108446429,108446430,2026-10-07T13:14:58.73283867Z,2026-10-07T13:14:59.274592776Z,0.542
108446430,108446431,2026-10-07T13:14:59.274592776Z,2026-10-07T13:15:00.026693608Z,0.752
108446431,108446432,2026-10-07T13:15:00.026693608Z,2026-10-07T13:15:00.655311263Z,0.629
108446432,108446433,2026-10-07T13:15:00.655311263Z,2026-10-07T13:15:01.314843758Z,0.66
108446433,108446434,2026-10-07T13:15:01.314843758Z,2026-10-07T13:15:01.847022232Z,0.532
108446434,108446435,2026-10-07T13:15:01.847022232Z,2026-10-07T13:15:02.542937506Z,0.696
108446435,108446436,2026-10-07T13:15:02.542937506Z,2026-10-07T13:15:03.319877464Z,0.777
108446436,108446437,2026-10-07T13:15:03.319877464Z,2026-10-07T13:15:03.983083533Z,0.663
108446437,108446438,2026-10-07T13:15:03.983083533Z,2026-10-07T13:15:04.521136019Z,0.538
108446438,108446439,2026-10-07T13:15:04.521136019Z,2026-10-07T13:15:05.131969548Z,0.611
108446439,108446440,2026-10-07T13:15:05.131969548Z,2026-10-07T13:15:05.631676158Z,0.5
108446440,108446441,2026-10-07T13:15:05.631676158Z,2026-10-07T13:15:06.312173647Z,0.68
108446441,108446442,2026-10-07T13:15:06.312173647Z,2026-10-07T13:15:06.955066897Z,0.643
108446442,108446443,2026-10-07T13:15:06.955066897Z,2026-10-07T13:15:07.591212434Z,0.636
108446443,108446444,2026-10-07T13:15:07.591212434Z,2026-10-07T13:15:08.125533905Z,0.534
108446444,108446445,2026-10-07T13:15:08.125533905Z,2026-10-07T13:15:08.704131651Z,0.579
108446445,108446446,2026-10-07T13:15:08.704131651Z,2026-10-07T13:15:09.347199593Z,0.643
108446446,108446447,2026-10-07T13:15:09.347199593Z,2026-10-07T13:15:09.975390507Z,0.628
108446447,108446448,2026-10-07T13:15:09.975390507Z,2026-10-07T13:15:10.584327586Z,0.609
108446448,108446449,2026-10-07T13:15:10.584327586Z,2026-10-07T13:15:11.193828489Z,0.61
108446449,108446450,2026-10-07T13:15:11.193828489Z,2026-10-07T13:15:11.764049103Z,0.57
108446450,108446451,2026-10-07T13:15:11.764049103Z,2026-10-07T13:15:12.369080793Z,0.605
108446451,108446452,2026-10-07T13:15:12.369080793Z,2026-10-07T13:15:13.094682767Z,0.726
108446452,108446453,2026-10-07T13:15:13.094682767Z,2026-10-07T13:15:13.715644824Z,0.621
108446453,108446454,2026-10-07T13:15:13.715644824Z,2026-10-07T13:15:14.277703279Z,0.562
108446454,108446455,2026-10-07T13:15:14.277703279Z,2026-10-07T13:15:14.927163068Z,0.649
108446455,108446456,2026-10-07T13:15:14.927163068Z,2026-10-07T13:15:15.497990955Z,0.571
108446456,108446457,2026-10-07T13:15:15.497990955Z,2026-10-07T13:15:16.1614645Z,0.663
108446457,108446458,2026-10-07T13:15:16.1614645Z,2026-10-07T13:15:16.747388052Z,0.586
108446458,108446459,2026-10-07T13:15:16.747388052Z,2026-10-07T13:15:17.388149979Z,0.641
108446459,108446460,2026-10-07T13:15:17.388149979Z,2026-10-07T13:15:18.003345656Z,0.615
108446460,108446461,2026-10-07T13:15:18.003345656Z,2026-10-07T13:15:18.689208155Z,0.686
108446461,108446462,2026-10-07T13:15:18.689208155Z,2026-10-07T13:15:19.280084654Z,0.591
108446462,108446463,2026-10-07T13:15:19.280084654Z,2026-10-07T13:15:19.811171872Z,0.531
108446463,108446464,2026-10-07T13:15:19.811171872Z,2026-10-07T13:15:20.413259001Z,0.602
108446464,108446465,2026-10-07T13:15:20.413259001Z,2026-10-07T13:15:21.032261476Z,0.619
108446465,108446466,2026-10-07T13:15:21.032261476Z,2026-10-07T13:15:21.519061841Z,0.487
108446466,108446467,2026-10-07T13:15:21.519061841Z,2026-10-07T13:15:22.060918058Z,0.542
108446467,108446468,2026-10-07T13:15:22.060918058Z,2026-10-07T13:15:22.724754365Z,0.664
108446468,108446469,2026-10-07T13:15:22.724754365Z,2026-10-07T13:15:23.291408811Z,0.567
108446469,108446470,2026-10-07T13:15:23.291408811Z,2026-10-07T13:15:24.029283505Z,0.738
108446470,108446471,2026-10-07T13:15:24.029283505Z,2026-10-07T13:15:24.648967323Z,0.62
108446471,108446472,2026-10-07T13:15:24.648967323Z,2026-10-07T13:15:25.23186767Z,0.583
108446472,108446473,2026-10-07T13:15:25.23186767Z,2026-10-07T13:15:25.82342592Z,0.592
108446473,108446474,2026-10-07T13:15:25.82342592Z,2026-10-07T13:15:26.450702942Z,0.627
108446474,108446475,2026-10-07T13:15:26.450702942Z,2026-10-07T13:15:27.078102999Z,0.627
108446475,108446476,2026-10-07T13:15:27.078102999Z,2026-10-07T13:15:27.660773788Z,0.583
108446476,108446477,2026-10-07T13:15:27.660773788Z,2026-10-07T13:15:28.374669943Z,0.714
108446477,108446478,2026-10-07T13:15:28.374669943Z,2026-10-07T13:15:28.960999622Z,0.586
108446478,108446479,2026-10-07T13:15:28.960999622Z,2026-10-07T13:15:29.532428229Z,0.571
108446479,108446480,2026-10-07T13:15:29.532428229Z,2026-10-07T13:15:30.103087578Z,0.571
108446480,108446481,2026-10-07T13:15:30.103087578Z,2026-10-07T13:15:30.695841189Z,0.593
108446481,108446482,2026-10-07T13:15:30.695841189Z,2026-10-07T13:15:31.315567438Z,0.62
108446482,108446483,2026-10-07T13:15:31.315567438Z,2026-10-07T13:15:31.874994745Z,0.559
108446483,108446484,2026-10-07T13:15:31.874994745Z,2026-10-07T13:15:32.760820177Z,0.886
108446484,108446485,2026-10-07T13:15:32.760820177Z,2026-10-07T13:15:33.423697666Z,0.663
108446485,108446486,2026-10-07T13:15:33.423697666Z,2026-10-07T13:15:34.04271681Z,0.619
108446486,108446487,2026-10-07T13:15:34.04271681Z,2026-10-07T13:15:34.680495715Z,0.638
108446487,108446488,2026-10-07T13:15:34.680495715Z,2026-10-07T13:15:35.22648592Z,0.546
108446488,108446489,2026-10-07T13:15:35.22648592Z,2026-10-07T13:15:35.92806089Z,0.702
108446489,108446490,2026-10-07T13:15:35.92806089Z,2026-10-07T13:15:36.715024879Z,0.787
108446490,108446491,2026-10-07T13:15:36.715024879Z,2026-10-07T13:15:37.272472957Z,0.557
108446491,108446492,2026-10-07T13:15:37.272472957Z,2026-10-07T13:15:37.887338281Z,0.615
108446492,108446493,2026-10-07T13:15:37.887338281Z,2026-10-07T13:15:38.570687488Z,0.683
108446493,108446494,2026-10-07T13:15:38.570687488Z,2026-10-07T13:15:39.156616613Z,0.586
108446494,108446495,2026-10-07T13:15:39.156616613Z,2026-10-07T13:15:39.707070132Z,0.55
108446495,108446496,2026-10-07T13:15:39.707070132Z,2026-10-07T13:15:40.315581997Z,0.609
108446496,108446497,2026-10-07T13:15:40.315581997Z,2026-10-07T13:15:40.889709888Z,0.574
108446497,108446498,2026-10-07T13:15:40.889709888Z,2026-10-07T13:15:41.574418199Z,0.685
108446498,108446499,2026-10-07T13:15:41.574418199Z,2026-10-07T13:15:42.302048625Z,0.728
108446499,108446500,2026-10-07T13:15:42.302048625Z,2026-10-07T13:15:42.832901024Z,0.531
108446500,108446501,2026-10-07T13:15:42.832901024Z,2026-10-07T13:15:43.423729079Z,0.591
108446501,108446502,2026-10-07T13:15:43.423729079Z,2026-10-07T13:15:44.033954869Z,0.61
108446502,108446503,2026-10-07T13:15:44.033954869Z,2026-10-07T13:15:44.692722127Z,0.659
108446503,108446504,2026-10-07T13:15:44.692722127Z,2026-10-07T13:15:45.29752357Z,0.605
108446504,108446505,2026-10-07T13:15:45.29752357Z,2026-10-07T13:15:46.067249573Z,0.77
108446505,108446506,2026-10-07T13:15:46.067249573Z,2026-10-07T13:15:46.591937991Z,0.525
108446506,108446507,2026-10-07T13:15:46.591937991Z,2026-10-07T13:15:47.221231127Z,0.629
108446507,108446508,2026-10-07T13:15:47.221231127Z,2026-10-07T13:15:48.058930249Z,0.838
108446508,108446509,2026-10-07T13:15:48.058930249Z,2026-10-07T13:15:48.682515729Z,0.624
108446509,108446510,2026-10-07T13:15:48.682515729Z,2026-10-07T13:15:49.217693698Z,0.535
108446510,108446511,2026-10-07T13:15:49.217693698Z,2026-10-07T13:15:49.898967223Z,0.681
108446511,108446512,2026-10-07T13:15:49.898967223Z,2026-10-07T13:15:50.537555012Z,0.639
108446512,108446513,2026-10-07T13:15:50.537555012Z,2026-10-07T13:15:51.276929475Z,0.739
108446513,108446514,2026-10-07T13:15:51.276929475Z,2026-10-07T13:15:51.840623546Z,0.564
108446514,108446515,2026-10-07T13:15:51.840623546Z,2026-10-07T13:15:52.504008916Z,0.663
108446515,108446516,2026-10-07T13:15:52.504008916Z,2026-10-07T13:15:53.027800404Z,0.524
108446516,108446517,2026-10-07T13:15:53.027800404Z,2026-10-07T13:15:53.544850761Z,0.517
108446517,108446518,2026-10-07T13:15:53.544850761Z,2026-10-07T13:15:54.171813858Z,0.627
108446518,108446519,2026-10-07T13:15:54.171813858Z,2026-10-07T13:15:54.81108868Z,0.639
108446519,108446520,2026-10-07T13:15:54.81108868Z,2026-10-07T13:15:55.546304734Z,0.735
108446520,108446521,2026-10-07T13:15:55.546304734Z,2026-10-07T13:15:56.176063713Z,0.63
108446521,108446522,2026-10-07T13:15:56.176063713Z,2026-10-07T13:15:56.762206472Z,0.586
108446522,108446523,2026-10-07T13:15:56.762206472Z,2026-10-07T13:15:57.40043958Z,0.638
108446523,108446524,2026-10-07T13:15:57.40043958Z,2026-10-07T13:15:58.035104632Z,0.635
108446524,108446525,2026-10-07T13:15:58.035104632Z,2026-10-07T13:15:58.571441525Z,0.536
108446525,108446526,2026-10-07T13:15:58.571441525Z,2026-10-07T13:15:59.150386813Z,0.579
108446526,108446527,2026-10-07T13:15:59.150386813Z,2026-10-07T13:15:59.756328287Z,0.606
108446527,108446528,2026-10-07T13:15:59.756328287Z,2026-10-07T13:16:00.441384383Z,0.685
108446528,108446529,2026-10-07T13:16:00.441384383Z,2026-10-07T13:16:01.098167513Z,0.657
108446529,108446530,2026-10-07T13:16:01.098167513Z,2026-10-07T13:16:01.654369217Z,0.556
108446530,108446531,2026-10-07T13:16:01.654369217Z,2026-10-07T13:16:02.30539607Z,0.651
108446531,108446532,2026-10-07T13:16:02.30539607Z,2026-10-07T13:16:02.8515322Z,0.546
108446532,108446533,2026-10-07T13:16:02.8515322Z,2026-10-07T13:16:03.435931156Z,0.584
108446533,108446534,2026-10-07T13:16:03.435931156Z,2026-10-07T13:16:04.054765515Z,0.619
108446534,108446535,2026-10-07T13:16:04.054765515Z,2026-10-07T13:16:04.660835224Z,0.606
108446535,108446536,2026-10-07T13:16:04.660835224Z,2026-10-07T13:16:05.358631513Z,0.698
108446536,108446537,2026-10-07T13:16:05.358631513Z,2026-10-07T13:16:06.072049658Z,0.713
108446537,108446538,2026-10-07T13:16:06.072049658Z,2026-10-07T13:16:06.661002918Z,0.589
108446538,108446539,2026-10-07T13:16:06.661002918Z,2026-10-07T13:16:07.263501158Z,0.602
108446539,108446540,2026-10-07T13:16:07.263501158Z,2026-10-07T13:16:07.860720867Z,0.597
108446540,108446541,2026-10-07T13:16:07.860720867Z,2026-10-07T13:16:08.464065599Z,0.603
108446541,108446542,2026-10-07T13:16:08.464065599Z,2026-10-07T13:16:09.037448476Z,0.573
108446542,108446543,2026-10-07T13:16:09.037448476Z,2026-10-07T13:16:09.711741016Z,0.674
108446543,108446544,2026-10-07T13:16:09.711741016Z,2026-10-07T13:16:10.491985065Z,0.78
108446544,108446545,2026-10-07T13:16:10.491985065Z,2026-10-07T13:16:11.149022097Z,0.657
108446545,108446546,2026-10-07T13:16:11.149022097Z,2026-10-07T13:16:11.689903526Z,0.541
108446546,108446547,2026-10-07T13:16:11.689903526Z,2026-10-07T13:16:12.261880806Z,0.572
108446547,108446548,2026-10-07T13:16:12.261880806Z,2026-10-07T13:16:12.777985794Z,0.516
108446548,108446549,2026-10-07T13:16:12.777985794Z,2026-10-07T13:16:13.475133166Z,0.697
108446549,108446550,2026-10-07T13:16:13.475133166Z,2026-10-07T13:16:14.182350446Z,0.707
108446550,108446551,2026-10-07T13:16:14.182350446Z,2026-10-07T13:16:14.778023964Z,0.596
108446551,108446552,2026-10-07T13:16:14.778023964Z,2026-10-07T13:16:15.373442327Z,0.595
108446552,108446553,2026-10-07T13:16:15.373442327Z,2026-10-07T13:16:16.075171989Z,0.702
108446553,108446554,2026-10-07T13:16:16.075171989Z,2026-10-07T13:16:16.68310883Z,0.608
108446554,108446555,2026-10-07T13:16:16.68310883Z,2026-10-07T13:16:17.26471544Z,0.582
108446555,108446556,2026-10-07T13:16:17.26471544Z,2026-10-07T13:16:17.859602617Z,0.595
108446556,108446557,2026-10-07T13:16:17.859602617Z,2026-10-07T13:16:18.510240731Z,0.651
108446557,108446558,2026-10-07T13:16:18.510240731Z,2026-10-07T13:16:19.058787352Z,0.549
108446558,108446559,2026-10-07T13:16:19.058787352Z,2026-10-07T13:16:19.707173805Z,0.648
108446559,108446560,2026-10-07T13:16:19.707173805Z,2026-10-07T13:16:20.365924325Z,0.659
108446560,108446561,2026-10-07T13:16:20.365924325Z,2026-10-07T13:16:20.971080477Z,0.605
108446561,108446562,2026-10-07T13:16:20.971080477Z,2026-10-07T13:16:21.587273712Z,0.616
108446562,108446563,2026-10-07T13:16:21.587273712Z,2026-10-07T13:16:22.266421691Z,0.679
108446563,108446564,2026-10-07T13:16:22.266421691Z,2026-10-07T13:16:22.889117258Z,0.623
108446564,108446565,2026-10-07T13:16:22.889117258Z,2026-10-07T13:16:23.620299822Z,0.731
108446565,108446566,2026-10-07T13:16:23.620299822Z,2026-10-07T13:16:24.215883515Z,0.596
108446566,108446567,2026-10-07T13:16:24.215883515Z,2026-10-07T13:16:24.836334159Z,0.62
108446567,108446568,2026-10-07T13:16:24.836334159Z,2026-10-07T13:16:25.395604105Z,0.559
108446568,108446569,2026-10-07T13:16:25.395604105Z,2026-10-07T13:16:26.111079172Z,0.715
108446569,108446570,2026-10-07T13:16:26.111079172Z,2026-10-07T13:16:26.852805296Z,0.742
108446570,108446571,2026-10-07T13:16:26.852805296Z,2026-10-07T13:16:27.398273274Z,0.545
108446571,108446572,2026-10-07T13:16:27.398273274Z,2026-10-07T13:16:28.035688139Z,0.637
108446572,108446573,2026-10-07T13:16:28.035688139Z,2026-10-07T13:16:28.651232384Z,0.616
108446573,108446574,2026-10-07T13:16:28.651232384Z,2026-10-07T13:16:29.311315464Z,0.66
108446574,108446575,2026-10-07T13:16:29.311315464Z,2026-10-07T13:16:29.989968251Z,0.679
108446575,108446576,2026-10-07T13:16:29.989968251Z,2026-10-07T13:16:30.544358195Z,0.554
108446576,108446577,2026-10-07T13:16:30.544358195Z,2026-10-07T13:16:31.189764248Z,0.645
108446577,108446578,2026-10-07T13:16:31.189764248Z,2026-10-07T13:16:31.815684047Z,0.626
108446578,108446579,2026-10-07T13:16:31.815684047Z,2026-10-07T13:16:32.513367502Z,0.698
108446579,108446580,2026-10-07T13:16:32.513367502Z,2026-10-07T13:16:33.045406049Z,0.532
108446580,108446581,2026-10-07T13:16:33.045406049Z,2026-10-07T13:16:33.663737694Z,0.618
108446581,108446582,2026-10-07T13:16:33.663737694Z,2026-10-07T13:16:34.337809939Z,0.674
108446582,108446583,2026-10-07T13:16:34.337809939Z,2026-10-07T13:16:34.922368354Z,0.585
108446583,108446584,2026-10-07T13:16:34.922368354Z,2026-10-07T13:16:35.806765218Z,0.884
108446584,108446585,2026-10-07T13:16:35.806765218Z,2026-10-07T13:16:36.389427924Z,0.583
108446585,108446586,2026-10-07T13:16:36.389427924Z,2026-10-07T13:16:36.950735063Z,0.561
108446586,108446587,2026-10-07T13:16:36.950735063Z,2026-10-07T13:16:37.541264963Z,0.591
108446587,108446588,2026-10-07T13:16:37.541264963Z,2026-10-07T13:16:38.225184188Z,0.684
108446588,108446589,2026-10-07T13:16:38.225184188Z,2026-10-07T13:16:38.815141756Z,0.59
108446589,108446590,2026-10-07T13:16:38.815141756Z,2026-10-07T13:16:39.39391109Z,0.579
108446590,108446591,2026-10-07T13:16:39.39391109Z,2026-10-07T13:16:40.041638134Z,0.648
108446591,108446592,2026-10-07T13:16:40.041638134Z,2026-10-07T13:16:40.624298277Z,0.583
108446592,108446593,2026-10-07T13:16:40.624298277Z,2026-10-07T13:16:41.357156721Z,0.733
108446593,108446594,2026-10-07T13:16:41.357156721Z,2026-10-07T13:16:41.927774636Z,0.571
108446594,108446595,2026-10-07T13:16:41.927774636Z,2026-10-07T13:16:42.621305572Z,0.694
108446595,108446596,2026-10-07T13:16:42.621305572Z,2026-10-07T13:16:43.298161421Z,0.677
108446596,108446597,2026-10-07T13:16:43.298161421Z,2026-10-07T13:16:43.951252601Z,0.653
108446597,108446598,2026-10-07T13:16:43.951252601Z,2026-10-07T13:16:44.617206803Z,0.666
108446598,108446599,2026-10-07T13:16:44.617206803Z,2026-10-07T13:16:45.178884426Z,0.562
108446599,108446600,2026-10-07T13:16:45.178884426Z,2026-10-07T13:16:45.825361568Z,0.646
108446600,108446601,2026-10-07T13:16:45.825361568Z,2026-10-07T13:16:46.453942209Z,0.629
108446601,108446602,2026-10-07T13:16:46.453942209Z,2026-10-07T13:16:47.027522918Z,0.574
108446602,108446603,2026-10-07T13:16:47.027522918Z,2026-10-07T13:16:47.729316046Z,0.702
108446603,108446604,2026-10-07T13:16:47.729316046Z,2026-10-07T13:16:48.300527485Z,0.571
108446604,108446605,2026-10-07T13:16:48.300527485Z,2026-10-07T13:16:48.968223726Z,0.668
108446605,108446606,2026-10-07T13:16:48.968223726Z,2026-10-07T13:16:49.563642962Z,0.595
108446606,108446607,2026-10-07T13:16:49.563642962Z,2026-10-07T13:16:50.218801971Z,0.655
108446607,108446608,2026-10-07T13:16:50.218801971Z,2026-10-07T13:16:50.752198793Z,0.533
108446608,108446609,2026-10-07T13:16:50.752198793Z,2026-10-07T13:16:51.422398042Z,0.67
108446609,108446610,2026-10-07T13:16:51.422398042Z,2026-10-07T13:16:52.088575155Z,0.666
108446610,108446611,2026-10-07T13:16:52.088575155Z,2026-10-07T13:16:52.770072316Z,0.681
108446611,108446612,2026-10-07T13:16:52.770072316Z,2026-10-07T13:16:53.458114737Z,0.688
108446612,108446613,2026-10-07T13:16:53.458114737Z,2026-10-07T13:16:54.078364845Z,0.62
108446613,108446614,2026-10-07T13:16:54.078364845Z,2026-10-07T13:16:54.629260127Z,0.551
108446614,108446615,2026-10-07T13:16:54.629260127Z,2026-10-07T13:16:55.177776191Z,0.549
108446615,108446616,2026-10-07T13:16:55.177776191Z,2026-10-07T13:16:55.816255334Z,0.638
108446616,108446617,2026-10-07T13:16:55.816255334Z,2026-10-07T13:16:56.498941961Z,0.683
108446617,108446618,2026-10-07T13:16:56.498941961Z,2026-10-07T13:16:57.152724514Z,0.654
108446618,108446619,2026-10-07T13:16:57.152724514Z,2026-10-07T13:16:57.781272969Z,0.629
108446619,108446620,2026-10-07T13:16:57.781272969Z,2026-10-07T13:16:58.433581273Z,0.652
108446620,108446621,2026-10-07T13:16:58.433581273Z,2026-10-07T13:16:59.05512091Z,0.622
108446621,108446622,2026-10-07T13:16:59.05512091Z,2026-10-07T13:16:59.672379172Z,0.617
108446622,108446623,2026-10-07T13:16:59.672379172Z,2026-10-07T13:17:00.283501297Z,0.611
108446623,108446624,2026-10-07T13:17:00.283501297Z,2026-10-07T13:17:00.852133905Z,0.569
108446624,108446625,2026-10-07T13:17:00.852133905Z,2026-10-07T13:17:01.462102861Z,0.61
108446625,108446626,2026-10-07T13:17:01.462102861Z,2026-10-07T13:17:02.659699819Z,1.198
108446626,108446627,2026-10-07T13:17:02.659699819Z,2026-10-07T13:17:03.346528763Z,0.687
108446627,108446628,2026-10-07T13:17:03.346528763Z,2026-10-07T13:17:03.965168872Z,0.619
108446628,108446629,2026-10-07T13:17:03.965168872Z,2026-10-07T13:17:04.739686223Z,0.775
108446629,108446630,2026-10-07T13:17:04.739686223Z,2026-10-07T13:17:05.360746723Z,0.621
108446630,108446631,2026-10-07T13:17:05.360746723Z,2026-10-07T13:17:05.984132187Z,0.623
108446631,108446632,2026-10-07T13:17:05.984132187Z,2026-10-07T13:17:06.533741668Z,0.55
108446632,108446633,2026-10-07T13:17:06.533741668Z,2026-10-07T13:17:07.263002312Z,0.729
108446633,108446634,2026-10-07T13:17:07.263002312Z,2026-10-07T13:17:07.989831421Z,0.727
108446634,108446635,2026-10-07T13:17:07.989831421Z,2026-10-07T13:17:08.608069015Z,0.618
108446635,108446636,2026-10-07T13:17:08.608069015Z,2026-10-07T13:17:09.168336148Z,0.56
108446636,108446637,2026-10-07T13:17:09.168336148Z,2026-10-07T13:17:09.784960032Z,0.617
108446637,108446638,2026-10-07T13:17:09.784960032Z,2026-10-07T13:17:10.455641454Z,0.671
108446638,108446639,2026-10-07T13:17:10.455641454Z,2026-10-07T13:17:11.087440474Z,0.632
108446639,108446640,2026-10-07T13:17:11.087440474Z,2026-10-07T13:17:11.750788931Z,0.663
108446640,108446641,2026-10-07T13:17:11.750788931Z,2026-10-07T13:17:12.352046898Z,0.601
108446641,108446642,2026-10-07T13:17:12.352046898Z,2026-10-07T13:17:12.992968624Z,0.641
108446642,108446643,2026-10-07T13:17:12.992968624Z,2026-10-07T13:17:13.647782843Z,0.655
108446643,108446644,2026-10-07T13:17:13.647782843Z,2026-10-07T13:17:14.283588644Z,0.636
108446644,108446645,2026-10-07T13:17:14.283588644Z,2026-10-07T13:17:14.979493652Z,0.696
108446645,108446646,2026-10-07T13:17:14.979493652Z,2026-10-07T13:17:15.563269559Z,0.584
108446646,108446647,2026-10-07T13:17:15.563269559Z,2026-10-07T13:17:16.182044356Z,0.619
108446647,108446648,2026-10-07T13:17:16.182044356Z,2026-10-07T13:17:16.842942896Z,0.661
108446648,108446649,2026-10-07T13:17:16.842942896Z,2026-10-07T13:17:17.48132248Z,0.638
108446649,108446650,2026-10-07T13:17:17.48132248Z,2026-10-07T13:17:18.099430075Z,0.618
108446650,108446651,2026-10-07T13:17:18.099430075Z,2026-10-07T13:17:18.727765981Z,0.628
108446651,108446652,2026-10-07T13:17:18.727765981Z,2026-10-07T13:17:19.289147795Z,0.561
108446652,108446653,2026-10-07T13:17:19.289147795Z,2026-10-07T13:17:19.922183188Z,0.633
108446653,108446654,2026-10-07T13:17:19.922183188Z,2026-10-07T13:17:20.474102991Z,0.552
108446654,108446655,2026-10-07T13:17:20.474102991Z,2026-10-07T13:17:21.21967516Z,0.746
108446655,108446656,2026-10-07T13:17:21.21967516Z,2026-10-07T13:17:21.839670366Z,0.62
108446656,108446657,2026-10-07T13:17:21.839670366Z,2026-10-07T13:17:22.618308458Z,0.779
108446657,108446658,2026-10-07T13:17:22.618308458Z,2026-10-07T13:17:23.219989516Z,0.602
108446658,108446659,2026-10-07T13:17:23.219989516Z,2026-10-07T13:17:23.818731718Z,0.599
108446659,108446660,2026-10-07T13:17:23.818731718Z,2026-10-07T13:17:24.44044766Z,0.622
108446660,108446661,2026-10-07T13:17:24.44044766Z,2026-10-07T13:17:25.037514135Z,0.597
108446661,108446662,2026-10-07T13:17:25.037514135Z,2026-10-07T13:17:25.639977692Z,0.602
108446662,108446663,2026-10-07T13:17:25.639977692Z,2026-10-07T13:17:26.288673271Z,0.649
108446663,108446664,2026-10-07T13:17:26.288673271Z,2026-10-07T13:17:26.876648811Z,0.588
108446664,108446665,2026-10-07T13:17:26.876648811Z,2026-10-07T13:17:27.591810768Z,0.715
108446665,108446666,2026-10-07T13:17:27.591810768Z,2026-10-07T13:17:28.211568338Z,0.62
108446666,108446667,2026-10-07T13:17:28.211568338Z,2026-10-07T13:17:28.883067842Z,0.671
108446667,108446668,2026-10-07T13:17:28.883067842Z,2026-10-07T13:17:29.543502242Z,0.66
108446668,108446669,2026-10-07T13:17:29.543502242Z,2026-10-07T13:17:30.128838897Z,0.585
108446669,108446670,2026-10-07T13:17:30.128838897Z,2026-10-07T13:17:30.653403347Z,0.525
108446670,108446671,2026-10-07T13:17:30.653403347Z,2026-10-07T13:17:31.276985613Z,0.624
108446671,108446672,2026-10-07T13:17:31.276985613Z,2026-10-07T13:17:31.953235201Z,0.676
108446672,108446673,2026-10-07T13:17:31.953235201Z,2026-10-07T13:17:32.608373076Z,0.655
108446673,108446674,2026-10-07T13:17:32.608373076Z,2026-10-07T13:17:33.293018334Z,0.685
108446674,108446675,2026-10-07T13:17:33.293018334Z,2026-10-07T13:17:33.925349484Z,0.632
108446675,108446676,2026-10-07T13:17:33.925349484Z,2026-10-07T13:17:34.588293517Z,0.663
108446676,108446677,2026-10-07T13:17:34.588293517Z,2026-10-07T13:17:35.161388708Z,0.573
108446677,108446678,2026-10-07T13:17:35.161388708Z,2026-10-07T13:17:35.699607515Z,0.538
108446678,108446679,2026-10-07T13:17:35.699607515Z,2026-10-07T13:17:36.415053815Z,0.715
108446679,108446680,2026-10-07T13:17:36.415053815Z,2026-10-07T13:17:37.002707218Z,0.588
108446680,108446681,2026-10-07T13:17:37.002707218Z,2026-10-07T13:17:37.619042481Z,0.616
108446681,108446682,2026-10-07T13:17:37.619042481Z,2026-10-07T13:17:38.216253176Z,0.597
108446682,108446683,2026-10-07T13:17:38.216253176Z,2026-10-07T13:17:38.920997808Z,0.705
108446683,108446684,2026-10-07T13:17:38.920997808Z,2026-10-07T13:17:39.513100323Z,0.592
108446684,108446685,2026-10-07T13:17:39.513100323Z,2026-10-07T13:17:40.165559859Z,0.652
108446685,108446686,2026-10-07T13:17:40.165559859Z,2026-10-07T13:17:40.744124052Z,0.579
108446686,108446687,2026-10-07T13:17:40.744124052Z,2026-10-07T13:17:41.371679801Z,0.628
108446687,108446688,2026-10-07T13:17:41.371679801Z,2026-10-07T13:17:42.066779132Z,0.695
108446688,108446689,2026-10-07T13:17:42.066779132Z,2026-10-07T13:17:42.880309903Z,0.814
108446689,108446690,2026-10-07T13:17:42.880309903Z,2026-10-07T13:17:43.414349276Z,0.534
108446690,108446691,2026-10-07T13:17:43.414349276Z,2026-10-07T13:17:44.007350588Z,0.593
108446691,108446692,2026-10-07T13:17:44.007350588Z,2026-10-07T13:17:44.636497347Z,0.629
108446692,108446693,2026-10-07T13:17:44.636497347Z,2026-10-07T13:17:45.307415962Z,0.671
108446693,108446694,2026-10-07T13:17:45.307415962Z,2026-10-07T13:17:45.866173623Z,0.559
108446694,108446695,2026-10-07T13:17:45.866173623Z,2026-10-07T13:17:46.54004335Z,0.674
108446695,108446696,2026-10-07T13:17:46.54004335Z,2026-10-07T13:17:47.108311953Z,0.568
108446696,108446697,2026-10-07T13:17:47.108311953Z,2026-10-07T13:17:47.787177637Z,0.679
108446697,108446698,2026-10-07T13:17:47.787177637Z,2026-10-07T13:17:48.815900585Z,1.029
108446698,108446699,2026-10-07T13:17:48.815900585Z,2026-10-07T13:17:49.376013536Z,0.56
108446699,108446700,2026-10-07T13:17:49.376013536Z,2026-10-07T13:17:49.914724373Z,0.539
108446700,108446701,2026-10-07T13:17:49.914724373Z,2026-10-07T13:17:50.576408224Z,0.662
108446701,108446702,2026-10-07T13:17:50.576408224Z,2026-10-07T13:17:51.175483619Z,0.599
108446702,108446703,2026-10-07T13:17:51.175483619Z,2026-10-07T13:17:51.793470518Z,0.618
108446703,108446704,2026-10-07T13:17:51.793470518Z,2026-10-07T13:17:52.403205226Z,0.61
108446704,108446705,2026-10-07T13:17:52.403205226Z,2026-10-07T13:17:53.090098158Z,0.687
108446705,108446706,2026-10-07T13:17:53.090098158Z,2026-10-07T13:17:53.704771706Z,0.615
108446706,108446707,2026-10-07T13:17:53.704771706Z,2026-10-07T13:17:54.388683913Z,0.684
108446707,108446708,2026-10-07T13:17:54.388683913Z,2026-10-07T13:17:54.941160044Z,0.552
108446708,108446709,2026-10-07T13:17:54.941160044Z,2026-10-07T13:17:55.608352912Z,0.667
108446709,108446710,2026-10-07T13:17:55.608352912Z,2026-10-07T13:17:56.249728001Z,0.641
108446710,108446711,2026-10-07T13:17:56.249728001Z,2026-10-07T13:17:56.885840553Z,0.636
108446711,108446712,2026-10-07T13:17:56.885840553Z,2026-10-07T13:17:57.509735251Z,0.624
108446712,108446713,2026-10-07T13:17:57.509735251Z,2026-10-07T13:17:58.161904282Z,0.652
108446713,108446714,2026-10-07T13:17:58.161904282Z,2026-10-07T13:17:58.78712018Z,0.625
108446714,108446715,2026-10-07T13:17:58.78712018Z,2026-10-07T13:17:59.424757448Z,0.638
108446715,108446716,2026-10-07T13:17:59.424757448Z,2026-10-07T13:17:59.94275824Z,0.518
108446716,108446717,2026-10-07T13:17:59.94275824Z,2026-10-07T13:18:00.51417817Z,0.571
108446717,108446718,2026-10-07T13:18:00.51417817Z,2026-10-07T13:18:01.106523674Z,0.592
108446718,108446719,2026-10-07T13:18:01.106523674Z,2026-10-07T13:18:01.624030229Z,0.518
108446719,108446720,2026-10-07T13:18:01.624030229Z,2026-10-07T13:18:02.138754689Z,0.515
108446720,108446721,2026-10-07T13:18:02.138754689Z,2026-10-07T13:18:02.700757994Z,0.562
108446721,108446722,2026-10-07T13:18:02.700757994Z,2026-10-07T13:18:03.232259126Z,0.532
108446722,108446723,2026-10-07T13:18:03.232259126Z,2026-10-07T13:18:03.738187431Z,0.506
108446723,108446724,2026-10-07T13:18:03.738187431Z,2026-10-07T13:18:04.327483683Z,0.589
108446724,108446725,2026-10-07T13:18:04.327483683Z,2026-10-07T13:18:04.926903169Z,0.599
108446725,108446726,2026-10-07T13:18:04.926903169Z,2026-10-07T13:18:05.464872734Z,0.538
108446726,108446727,2026-10-07T13:18:05.464872734Z,2026-10-07T13:18:06.094876704Z,0.63
108446727,108446728,2026-10-07T13:18:06.094876704Z,2026-10-07T13:18:06.642321963Z,0.547
108446728,108446729,2026-10-07T13:18:06.642321963Z,2026-10-07T13:18:07.230993011Z,0.589
108446729,108446730,2026-10-07T13:18:07.230993011Z,2026-10-07T13:18:07.768717228Z,0.538
108446730,108446731,2026-10-07T13:18:07.768717228Z,2026-10-07T13:18:08.345323426Z,0.577
108446731,108446732,2026-10-07T13:18:08.345323426Z,2026-10-07T13:18:08.840717917Z,0.495
108446732,108446733,2026-10-07T13:18:08.840717917Z,2026-10-07T13:18:09.362444312Z,0.522
108446733,108446734,2026-10-07T13:18:09.362444312Z,2026-10-07T13:18:09.946748044Z,0.584
108446734,108446735,2026-10-07T13:18:09.946748044Z,2026-10-07T13:18:10.547263963Z,0.601
108446735,108446736,2026-10-07T13:18:10.547263963Z,2026-10-07T13:18:11.074930944Z,0.528
108446736,108446737,2026-10-07T13:18:11.074930944Z,2026-10-07T13:18:11.626621187Z,0.552
108446737,108446738,2026-10-07T13:18:11.626621187Z,2026-10-07T13:18:12.127020032Z,0.5
108446738,108446739,2026-10-07T13:18:12.127020032Z,2026-10-07T13:18:12.747884801Z,0.621
108446739,108446740,2026-10-07T13:18:12.747884801Z,2026-10-07T13:18:13.349283198Z,0.601
108446740,108446741,2026-10-07T13:18:13.349283198Z,2026-10-07T13:18:13.936291537Z,0.587
108446741,108446742,2026-10-07T13:18:13.936291537Z,2026-10-07T13:18:14.440665406Z,0.504
108446742,108446743,2026-10-07T13:18:14.440665406Z,2026-10-07T13:18:15.065261393Z,0.625
108446743,108446744,2026-10-07T13:18:15.065261393Z,2026-10-07T13:18:15.632780979Z,0.568
108446744,108446745,2026-10-07T13:18:15.632780979Z,2026-10-07T13:18:16.162170464Z,0.529
108446745,108446746,2026-10-07T13:18:16.162170464Z,2026-10-07T13:18:16.747913611Z,0.586
108446746,108446747,2026-10-07T13:18:16.747913611Z,2026-10-07T13:18:17.342329534Z,0.594
108446747,108446748,2026-10-07T13:18:17.342329534Z,2026-10-07T13:18:17.968815667Z,0.626
108446748,108446749,2026-10-07T13:18:17.968815667Z,2026-10-07T13:18:18.675746588Z,0.707
108446749,108446750,2026-10-07T13:18:18.675746588Z,2026-10-07T13:18:19.312084006Z,0.636
108446750,108446751,2026-10-07T13:18:19.312084006Z,2026-10-07T13:18:19.870354803Z,0.558
108446751,108446752,2026-10-07T13:18:19.870354803Z,2026-10-07T13:18:20.475262651Z,0.605
108446752,108446753,2026-10-07T13:18:20.475262651Z,2026-10-07T13:18:21.048045993Z,0.573
108446753,108446754,2026-10-07T13:18:21.048045993Z,2026-10-07T13:18:21.587963693Z,0.54
108446754,108446755,2026-10-07T13:18:21.587963693Z,2026-10-07T13:18:22.148737339Z,0.561
108446755,108446756,2026-10-07T13:18:22.148737339Z,2026-10-07T13:18:22.795394987Z,0.647
108446756,108446757,2026-10-07T13:18:22.795394987Z,2026-10-07T13:18:23.356955153Z,0.562
108446757,108446758,2026-10-07T13:18:23.356955153Z,2026-10-07T13:18:24.012210988Z,0.655
108446758,108446759,2026-10-07T13:18:24.012210988Z,2026-10-07T13:18:24.685868875Z,0.674
108446759,108446760,2026-10-07T13:18:24.685868875Z,2026-10-07T13:18:25.231833396Z,0.546
108446760,108446761,2026-10-07T13:18:25.231833396Z,2026-10-07T13:18:25.765885617Z,0.534
108446761,108446762,2026-10-07T13:18:25.765885617Z,2026-10-07T13:18:26.402345224Z,0.636
108446762,108446763,2026-10-07T13:18:26.402345224Z,2026-10-07T13:18:27.002899266Z,0.601
108446763,108446764,2026-10-07T13:18:27.002899266Z,2026-10-07T13:18:27.699183851Z,0.696
108446764,108446765,2026-10-07T13:18:27.699183851Z,2026-10-07T13:18:28.249349417Z,0.55
108446765,108446766,2026-10-07T13:18:28.249349417Z,2026-10-07T13:18:28.880261319Z,0.631
108446766,108446767,2026-10-07T13:18:28.880261319Z,2026-10-07T13:18:29.64120672Z,0.761
108446767,108446768,2026-10-07T13:18:29.64120672Z,2026-10-07T13:18:30.230444597Z,0.589
108446768,108446769,2026-10-07T13:18:30.230444597Z,2026-10-07T13:18:31.008916044Z,0.778
108446769,108446770,2026-10-07T13:18:31.008916044Z,2026-10-07T13:18:31.571124754Z,0.562
108446770,108446771,2026-10-07T13:18:31.571124754Z,2026-10-07T13:18:32.210824764Z,0.64
108446771,108446772,2026-10-07T13:18:32.210824764Z,2026-10-07T13:18:32.834078393Z,0.623
108446772,108446773,2026-10-07T13:18:32.834078393Z,2026-10-07T13:18:33.43468276Z,0.601
108446773,108446774,2026-10-07T13:18:33.43468276Z,2026-10-07T13:18:34.207989529Z,0.773
108446774,108446775,2026-10-07T13:18:34.207989529Z,2026-10-07T13:18:34.783223764Z,0.575
108446775,108446776,2026-10-07T13:18:34.783223764Z,2026-10-07T13:18:35.422724885Z,0.64
108446776,108446777,2026-10-07T13:18:35.422724885Z,2026-10-07T13:18:36.003499635Z,0.581
108446777,108446778,2026-10-07T13:18:36.003499635Z,2026-10-07T13:18:36.747789619Z,0.744
108446778,108446779,2026-10-07T13:18:36.747789619Z,2026-10-07T13:18:37.332604166Z,0.585
108446779,108446780,2026-10-07T13:18:37.332604166Z,2026-10-07T13:18:37.980553295Z,0.648
108446780,108446781,2026-10-07T13:18:37.980553295Z,2026-10-07T13:18:38.612761599Z,0.632
108446781,108446782,2026-10-07T13:18:38.612761599Z,2026-10-07T13:18:39.289645777Z,0.677
108446782,108446783,2026-10-07T13:18:39.289645777Z,2026-10-07T13:18:39.930129135Z,0.64
108446783,108446784,2026-10-07T13:18:39.930129135Z,2026-10-07T13:18:40.513144109Z,0.583
108446784,108446785,2026-10-07T13:18:40.513144109Z,2026-10-07T13:18:41.110553799Z,0.597
108446785,108446786,2026-10-07T13:18:41.110553799Z,2026-10-07T13:18:41.749624626Z,0.639
108446786,108446787,2026-10-07T13:18:41.749624626Z,2026-10-07T13:18:42.355739342Z,0.606
108446787,108446788,2026-10-07T13:18:42.355739342Z,2026-10-07T13:18:43.056477311Z,0.701
108446788,108446789,2026-10-07T13:18:43.056477311Z,2026-10-07T13:18:43.571566168Z,0.515
108446789,108446790,2026-10-07T13:18:43.571566168Z,2026-10-07T13:18:44.255370799Z,0.684
108446790,108446791,2026-10-07T13:18:44.255370799Z,2026-10-07T13:18:44.838094364Z,0.583
108446791,108446792,2026-10-07T13:18:44.838094364Z,2026-10-07T13:18:45.460913186Z,0.623
108446792,108446793,2026-10-07T13:18:45.460913186Z,2026-10-07T13:18:46.249993905Z,0.789
108446793,108446794,2026-10-07T13:18:46.249993905Z,2026-10-07T13:18:46.8562996Z,0.606
108446794,108446795,2026-10-07T13:18:46.8562996Z,2026-10-07T13:18:47.395284966Z,0.539
108446795,108446796,2026-10-07T13:18:47.395284966Z,2026-10-07T13:18:48.087401668Z,0.692
108446796,108446797,2026-10-07T13:18:48.087401668Z,2026-10-07T13:18:48.769188042Z,0.682
108446797,108446798,2026-10-07T13:18:48.769188042Z,2026-10-07T13:18:49.451842744Z,0.683
108446798,108446799,2026-10-07T13:18:49.451842744Z,2026-10-07T13:18:50.01385745Z,0.562
108446799,108446800,2026-10-07T13:18:50.01385745Z,2026-10-07T13:18:50.774785917Z,0.761
108446800,108446801,2026-10-07T13:18:50.774785917Z,2026-10-07T13:18:51.300814677Z,0.526
108446801,108446802,2026-10-07T13:18:51.300814677Z,2026-10-07T13:18:51.942629765Z,0.642
108446802,108446803,2026-10-07T13:18:51.942629765Z,2026-10-07T13:18:52.689008609Z,0.746
108446803,108446804,2026-10-07T13:18:52.689008609Z,2026-10-07T13:18:53.26731193Z,0.578
108446804,108446805,2026-10-07T13:18:53.26731193Z,2026-10-07T13:18:53.79150061Z,0.524
108446805,108446806,2026-10-07T13:18:53.79150061Z,2026-10-07T13:18:54.457952292Z,0.666
108446806,108446807,2026-10-07T13:18:54.457952292Z,2026-10-07T13:18:55.084363004Z,0.626
108446807,108446808,2026-10-07T13:18:55.084363004Z,2026-10-07T13:18:55.792552317Z,0.708
108446808,108446809,2026-10-07T13:18:55.792552317Z,2026-10-07T13:18:56.54880878Z,0.756
108446809,108446810,2026-10-07T13:18:56.54880878Z,2026-10-07T13:18:57.2575387Z,0.709
108446810,108446811,2026-10-07T13:18:57.2575387Z,2026-10-07T13:18:57.881027172Z,0.623
108446811,108446812,2026-10-07T13:18:57.881027172Z,2026-10-07T13:18:58.611696962Z,0.731
108446812,108446813,2026-10-07T13:18:58.611696962Z,2026-10-07T13:18:59.131741634Z,0.52
108446813,108446814,2026-10-07T13:18:59.131741634Z,2026-10-07T13:18:59.763006327Z,0.631
108446814,108446815,2026-10-07T13:18:59.763006327Z,2026-10-07T13:19:00.296518839Z,0.534
108446815,108446816,2026-10-07T13:19:00.296518839Z,2026-10-07T13:19:00.990593307Z,0.694
108446816,108446817,2026-10-07T13:19:00.990593307Z,2026-10-07T13:19:01.626420935Z,0.636
108446817,108446818,2026-10-07T13:19:01.626420935Z,2026-10-07T13:19:02.247737776Z,0.621
108446818,108446819,2026-10-07T13:19:02.247737776Z,2026-10-07T13:19:02.895897785Z,0.648
108446819,108446820,2026-10-07T13:19:02.895897785Z,2026-10-07T13:19:03.497364557Z,0.601
108446820,108446821,2026-10-07T13:19:03.497364557Z,2026-10-07T13:19:04.067814918Z,0.57
108446821,108446822,2026-10-07T13:19:04.067814918Z,2026-10-07T13:19:04.595484414Z,0.528
108446822,108446823,2026-10-07T13:19:04.595484414Z,2026-10-07T13:19:05.271456346Z,0.676
108446823,108446824,2026-10-07T13:19:05.271456346Z,2026-10-07T13:19:05.907926951Z,0.636
108446824,108446825,2026-10-07T13:19:05.907926951Z,2026-10-07T13:19:06.450076282Z,0.542
108446825,108446826,2026-10-07T13:19:06.450076282Z,2026-10-07T13:19:07.10320104Z,0.653
108446826,108446827,2026-10-07T13:19:07.10320104Z,2026-10-07T13:19:07.707849044Z,0.605
108446827,108446828,2026-10-07T13:19:07.707849044Z,2026-10-07T13:19:08.408075427Z,0.7
108446828,108446829,2026-10-07T13:19:08.408075427Z,2026-10-07T13:19:08.928711465Z,0.521
108446829,108446830,2026-10-07T13:19:08.928711465Z,2026-10-07T13:19:09.545166421Z,0.616
108446830,108446831,2026-10-07T13:19:09.545166421Z,2026-10-07T13:19:10.149048755Z,0.604
108446831,108446832,2026-10-07T13:19:10.149048755Z,2026-10-07T13:19:10.824141135Z,0.675
108446832,108446833,2026-10-07T13:19:10.824141135Z,2026-10-07T13:19:11.350636717Z,0.526
108446833,108446834,2026-10-07T13:19:11.350636717Z,2026-10-07T13:19:11.938638598Z,0.588
108446834,108446835,2026-10-07T13:19:11.938638598Z,2026-10-07T13:19:12.651461626Z,0.713
108446835,108446836,2026-10-07T13:19:12.651461626Z,2026-10-07T13:19:13.227903224Z,0.576
108446836,108446837,2026-10-07T13:19:13.227903224Z,2026-10-07T13:19:13.857909645Z,0.63
108446837,108446838,2026-10-07T13:19:13.857909645Z,2026-10-07T13:19:14.53675801Z,0.679
108446838,108446839,2026-10-07T13:19:14.53675801Z,2026-10-07T13:19:15.140983128Z,0.604
108446839,108446840,2026-10-07T13:19:15.140983128Z,2026-10-07T13:19:15.7932325Z,0.652
108446840,108446841,2026-10-07T13:19:15.7932325Z,2026-10-07T13:19:16.347897913Z,0.555
108446841,108446842,2026-10-07T13:19:16.347897913Z,2026-10-07T13:19:16.942264561Z,0.594
108446842,108446843,2026-10-07T13:19:16.942264561Z,2026-10-07T13:19:17.421606003Z,0.479
108446843,108446844,2026-10-07T13:19:17.421606003Z,2026-10-07T13:19:18.038728Z,0.617
108446844,108446845,2026-10-07T13:19:18.038728Z,2026-10-07T13:19:18.755775155Z,0.717
108446845,108446846,2026-10-07T13:19:18.755775155Z,2026-10-07T13:19:19.349265944Z,0.593
108446846,108446847,2026-10-07T13:19:19.349265944Z,2026-10-07T13:19:19.944717168Z,0.595
108446847,108446848,2026-10-07T13:19:19.944717168Z,2026-10-07T13:19:20.609596784Z,0.665
108446848,108446849,2026-10-07T13:19:20.609596784Z,2026-10-07T13:19:21.178790362Z,0.569
108446849,108446850,2026-10-07T13:19:21.178790362Z,2026-10-07T13:19:21.811611431Z,0.633
108446850,108446851,2026-10-07T13:19:21.811611431Z,2026-10-07T13:19:22.387874738Z,0.576
108446851,108446852,2026-10-07T13:19:22.387874738Z,2026-10-07T13:19:23.023521753Z,0.636
108446852,108446853,2026-10-07T13:19:23.023521753Z,2026-10-07T13:19:23.655697153Z,0.632
108446853,108446854,2026-10-07T13:19:23.655697153Z,2026-10-07T13:19:24.39604297Z,0.74
108446854,108446855,2026-10-07T13:19:24.39604297Z,2026-10-07T13:19:25.008543548Z,0.613
108446855,108446856,2026-10-07T13:19:25.008543548Z,2026-10-07T13:19:25.644796688Z,0.636
108446856,108446857,2026-10-07T13:19:25.644796688Z,2026-10-07T13:19:26.179192939Z,0.534
108446857,108446858,2026-10-07T13:19:26.179192939Z,2026-10-07T13:19:26.886675382Z,0.707
108446858,108446859,2026-10-07T13:19:26.886675382Z,2026-10-07T13:19:27.503009603Z,0.616
108446859,108446860,2026-10-07T13:19:27.503009603Z,2026-10-07T13:19:28.098188315Z,0.595
108446860,108446861,2026-10-07T13:19:28.098188315Z,2026-10-07T13:19:28.66397715Z,0.566
108446861,108446862,2026-10-07T13:19:28.66397715Z,2026-10-07T13:19:29.297554855Z,0.634
108446862,108446863,2026-10-07T13:19:29.297554855Z,2026-10-07T13:19:29.901738625Z,0.604
108446863,108446864,2026-10-07T13:19:29.901738625Z,2026-10-07T13:19:30.527345364Z,0.626
108446864,108446865,2026-10-07T13:19:30.527345364Z,2026-10-07T13:19:31.133046529Z,0.606
108446865,108446866,2026-10-07T13:19:31.133046529Z,2026-10-07T13:19:31.861241377Z,0.728
108446866,108446867,2026-10-07T13:19:31.861241377Z,2026-10-07T13:19:32.544556733Z,0.683
108446867,108446868,2026-10-07T13:19:32.544556733Z,2026-10-07T13:19:33.140719709Z,0.596
108446868,108446869,2026-10-07T13:19:33.140719709Z,2026-10-07T13:19:34.069748472Z,0.929
108446869,108446870,2026-10-07T13:19:34.069748472Z,2026-10-07T13:19:34.619495937Z,0.55
108446870,108446871,2026-10-07T13:19:34.619495937Z,2026-10-07T13:19:35.206011911Z,0.587
108446871,108446872,2026-10-07T13:19:35.206011911Z,2026-10-07T13:19:35.816447291Z,0.61
108446872,108446873,2026-10-07T13:19:35.816447291Z,2026-10-07T13:19:36.429748332Z,0.613
108446873,108446874,2026-10-07T13:19:36.429748332Z,2026-10-07T13:19:37.042286781Z,0.613
108446874,108446875,2026-10-07T13:19:37.042286781Z,2026-10-07T13:19:37.608325205Z,0.566
108446875,108446876,2026-10-07T13:19:37.608325205Z,2026-10-07T13:19:38.323372198Z,0.715
108446876,108446877,2026-10-07T13:19:38.323372198Z,2026-10-07T13:19:39.017178924Z,0.694
108446877,108446878,2026-10-07T13:19:39.017178924Z,2026-10-07T13:19:39.92144599Z,0.904
108446878,108446879,2026-10-07T13:19:39.92144599Z,2026-10-07T13:19:40.527561286Z,0.606
108446879,108446880,2026-10-07T13:19:40.527561286Z,2026-10-07T13:19:41.15199848Z,0.624
108446880,108446881,2026-10-07T13:19:41.15199848Z,2026-10-07T13:19:41.676210962Z,0.524
108446881,108446882,2026-10-07T13:19:41.676210962Z,2026-10-07T13:19:42.388021629Z,0.712
108446882,108446883,2026-10-07T13:19:42.388021629Z,2026-10-07T13:19:43.099147605Z,0.711
108446883,108446884,2026-10-07T13:19:43.099147605Z,2026-10-07T13:19:44.038548583Z,0.939
108446884,108446885,2026-10-07T13:19:44.038548583Z,2026-10-07T13:19:44.693339124Z,0.655
108446885,108446886,2026-10-07T13:19:44.693339124Z,2026-10-07T13:19:45.26597042Z,0.573
108446886,108446887,2026-10-07T13:19:45.26597042Z,2026-10-07T13:19:45.819442394Z,0.553
108446887,108446888,2026-10-07T13:19:45.819442394Z,2026-10-07T13:19:46.60041802Z,0.781
108446888,108446889,2026-10-07T13:19:46.60041802Z,2026-10-07T13:19:47.131311831Z,0.531
108446889,108446890,2026-10-07T13:19:47.131311831Z,2026-10-07T13:19:47.729697587Z,0.598
108446890,108446891,2026-10-07T13:19:47.729697587Z,2026-10-07T13:19:48.290010823Z,0.56
108446891,108446892,2026-10-07T13:19:48.290010823Z,2026-10-07T13:19:48.949557267Z,0.66
108446892,108446893,2026-10-07T13:19:48.949557267Z,2026-10-07T13:19:49.66828964Z,0.719
108446893,108446894,2026-10-07T13:19:49.66828964Z,2026-10-07T13:19:50.265422069Z,0.597
108446894,108446895,2026-10-07T13:19:50.265422069Z,2026-10-07T13:19:50.846268166Z,0.581
108446895,108446896,2026-10-07T13:19:50.846268166Z,2026-10-07T13:19:51.568066289Z,0.722
108446896,108446897,2026-10-07T13:19:51.568066289Z,2026-10-07T13:19:52.101415852Z,0.533
108446897,108446898,2026-10-07T13:19:52.101415852Z,2026-10-07T13:19:52.73558634Z,0.634
108446898,108446899,2026-10-07T13:19:52.73558634Z,2026-10-07T13:19:53.484811526Z,0.749
108446899,108446900,2026-10-07T13:19:53.484811526Z,2026-10-07T13:19:54.133928402Z,0.649
108446900,108446901,2026-10-07T13:19:54.133928402Z,2026-10-07T13:19:54.749467453Z,0.616
108446901,108446902,2026-10-07T13:19:54.749467453Z,2026-10-07T13:19:55.375917676Z,0.626
108446902,108446903,2026-10-07T13:19:55.375917676Z,2026-10-07T13:19:55.939159439Z,0.563
108446903,108446904,2026-10-07T13:19:55.939159439Z,2026-10-07T13:19:56.566323268Z,0.627
108446904,108446905,2026-10-07T13:19:56.566323268Z,2026-10-07T13:19:57.069440706Z,0.503
108446905,108446906,2026-10-07T13:19:57.069440706Z,2026-10-07T13:19:57.753136987Z,0.684
108446906,108446907,2026-10-07T13:19:57.753136987Z,2026-10-07T13:19:58.386695123Z,0.634
108446907,108446908,2026-10-07T13:19:58.386695123Z,2026-10-07T13:19:58.94024126Z,0.554
108446908,108446909,2026-10-07T13:19:58.94024126Z,2026-10-07T13:19:59.443795748Z,0.504
108446909,108446910,2026-10-07T13:19:59.443795748Z,2026-10-07T13:20:00.081398631Z,0.638
108446910,108446911,2026-10-07T13:20:00.081398631Z,2026-10-07T13:20:00.758313332Z,0.677
108446911,108446912,2026-10-07T13:20:00.758313332Z,2026-10-07T13:20:01.313189471Z,0.555
108446912,108446913,2026-10-07T13:20:01.313189471Z,2026-10-07T13:20:01.912155229Z,0.599
108446913,108446914,2026-10-07T13:20:01.912155229Z,2026-10-07T13:20:02.630860776Z,0.719
108446914,108446915,2026-10-07T13:20:02.630860776Z,2026-10-07T13:20:03.2488518Z,0.618
108446915,108446916,2026-10-07T13:20:03.2488518Z,2026-10-07T13:20:03.843226255Z,0.594
108446916,108446917,2026-10-07T13:20:03.843226255Z,2026-10-07T13:20:04.422876926Z,0.58
108446917,108446918,2026-10-07T13:20:04.422876926Z,2026-10-07T13:20:05.099633399Z,0.677
108446918,108446919,2026-10-07T13:20:05.099633399Z,2026-10-07T13:20:05.661984471Z,0.562
108446919,108446920,2026-10-07T13:20:05.661984471Z,2026-10-07T13:20:06.328187571Z,0.666
108446920,108446921,2026-10-07T13:20:06.328187571Z,2026-10-07T13:20:07.001832513Z,0.674
108446921,108446922,2026-10-07T13:20:07.001832513Z,2026-10-07T13:20:07.610458205Z,0.609
108446922,108446923,2026-10-07T13:20:07.610458205Z,2026-10-07T13:20:08.233085356Z,0.623
108446923,108446924,2026-10-07T13:20:08.233085356Z,2026-10-07T13:20:08.956138085Z,0.723
108446924,108446925,2026-10-07T13:20:08.956138085Z,2026-10-07T13:20:09.483336561Z,0.527
108446925,108446926,2026-10-07T13:20:09.483336561Z,2026-10-07T13:20:10.137333745Z,0.654
108446926,108446927,2026-10-07T13:20:10.137333745Z,2026-10-07T13:20:10.659363618Z,0.522
108446927,108446928,2026-10-07T13:20:10.659363618Z,2026-10-07T13:20:11.287048857Z,0.628
108446928,108446929,2026-10-07T13:20:11.287048857Z,2026-10-07T13:20:11.912580495Z,0.626
108446929,108446930,2026-10-07T13:20:11.912580495Z,2026-10-07T13:20:12.641347236Z,0.729
108446930,108446931,2026-10-07T13:20:12.641347236Z,2026-10-07T13:20:13.211156291Z,0.57
108446931,108446932,2026-10-07T13:20:13.211156291Z,2026-10-07T13:20:13.864370997Z,0.653
108446932,108446933,2026-10-07T13:20:13.864370997Z,2026-10-07T13:20:14.533150879Z,0.669
108446933,108446934,2026-10-07T13:20:14.533150879Z,2026-10-07T13:20:15.145476126Z,0.612
108446934,108446935,2026-10-07T13:20:15.145476126Z,2026-10-07T13:20:15.665201732Z,0.52
108446935,108446936,2026-10-07T13:20:15.665201732Z,2026-10-07T13:20:16.249311311Z,0.584
108446936,108446937,2026-10-07T13:20:16.249311311Z,2026-10-07T13:20:16.826531357Z,0.577
108446937,108446938,2026-10-07T13:20:16.826531357Z,2026-10-07T13:20:17.527362503Z,0.701
108446938,108446939,2026-10-07T13:20:17.527362503Z,2026-10-07T13:20:18.087582968Z,0.56
108446939,108446940,2026-10-07T13:20:18.087582968Z,2026-10-07T13:20:18.725768826Z,0.638
108446940,108446941,2026-10-07T13:20:18.725768826Z,2026-10-07T13:20:19.326944769Z,0.601
108446941,108446942,2026-10-07T13:20:19.326944769Z,2026-10-07T13:20:20.054467703Z,0.728
108446942,108446943,2026-10-07T13:20:20.054467703Z,2026-10-07T13:20:20.658835114Z,0.604
108446943,108446944,2026-10-07T13:20:20.658835114Z,2026-10-07T13:20:21.244967261Z,0.586
108446944,108446945,2026-10-07T13:20:21.244967261Z,2026-10-07T13:20:21.942267081Z,0.697
108446945,108446946,2026-10-07T13:20:21.942267081Z,2026-10-07T13:20:22.584566196Z,0.642
108446946,108446947,2026-10-07T13:20:22.584566196Z,2026-10-07T13:20:23.167719696Z,0.583
108446947,108446948,2026-10-07T13:20:23.167719696Z,2026-10-07T13:20:23.762314949Z,0.595
108446948,108446949,2026-10-07T13:20:23.762314949Z,2026-10-07T13:20:24.438802607Z,0.676
108446949,108446950,2026-10-07T13:20:24.438802607Z,2026-10-07T13:20:25.081066804Z,0.642
108446950,108446951,2026-10-07T13:20:25.081066804Z,2026-10-07T13:20:25.62233778Z,0.541
108446951,108446952,2026-10-07T13:20:25.62233778Z,2026-10-07T13:20:26.330919579Z,0.709
108446952,108446953,2026-10-07T13:20:26.330919579Z,2026-10-07T13:20:26.932193171Z,0.601
108446953,108446954,2026-10-07T13:20:26.932193171Z,2026-10-07T13:20:27.515367644Z,0.583
108446954,108446955,2026-10-07T13:20:27.515367644Z,2026-10-07T13:20:28.286373612Z,0.771
108446955,108446956,2026-10-07T13:20:28.286373612Z,2026-10-07T13:20:29.039801512Z,0.753
108446956,108446957,2026-10-07T13:20:29.039801512Z,2026-10-07T13:20:29.616670943Z,0.577
108446957,108446958,2026-10-07T13:20:29.616670943Z,2026-10-07T13:20:30.244765041Z,0.628
108446958,108446959,2026-10-07T13:20:30.244765041Z,2026-10-07T13:20:30.87826263Z,0.633
108446959,108446960,2026-10-07T13:20:30.87826263Z,2026-10-07T13:20:31.507299025Z,0.629
108446960,108446961,2026-10-07T13:20:31.507299025Z,2026-10-07T13:20:32.042295758Z,0.535
108446961,108446962,2026-10-07T13:20:32.042295758Z,2026-10-07T13:20:32.634873739Z,0.593
108446962,108446963,2026-10-07T13:20:32.634873739Z,2026-10-07T13:20:33.307331393Z,0.672
108446963,108446964,2026-10-07T13:20:33.307331393Z,2026-10-07T13:20:34.129499596Z,0.822
108446964,108446965,2026-10-07T13:20:34.129499596Z,2026-10-07T13:20:34.697018205Z,0.568
108446965,108446966,2026-10-07T13:20:34.697018205Z,2026-10-07T13:20:35.298946587Z,0.602
108446966,108446967,2026-10-07T13:20:35.298946587Z,2026-10-07T13:20:35.841565905Z,0.543
108446967,108446968,2026-10-07T13:20:35.841565905Z,2026-10-07T13:20:36.532166825Z,0.691
108446968,108446969,2026-10-07T13:20:36.532166825Z,2026-10-07T13:20:37.082772339Z,0.551
108446969,108446970,2026-10-07T13:20:37.082772339Z,2026-10-07T13:20:37.717454463Z,0.635
108446970,108446971,2026-10-07T13:20:37.717454463Z,2026-10-07T13:20:38.406548658Z,0.689
108446971,108446972,2026-10-07T13:20:38.406548658Z,2026-10-07T13:20:39.130728158Z,0.724
108446972,108446973,2026-10-07T13:20:39.130728158Z,2026-10-07T13:20:39.657838456Z,0.527
108446973,108446974,2026-10-07T13:20:39.657838456Z,2026-10-07T13:20:40.325269582Z,0.667
108446974,108446975,2026-10-07T13:20:40.325269582Z,2026-10-07T13:20:41.116343233Z,0.791
108446975,108446976,2026-10-07T13:20:41.116343233Z,2026-10-07T13:20:41.939267286Z,0.823
108446976,108446977,2026-10-07T13:20:41.939267286Z,2026-10-07T13:20:42.55818381Z,0.619
108446977,108446978,2026-10-07T13:20:42.55818381Z,2026-10-07T13:20:43.208193794Z,0.65
108446978,108446979,2026-10-07T13:20:43.208193794Z,2026-10-07T13:20:43.871872933Z,0.664
108446979,108446980,2026-10-07T13:20:43.871872933Z,2026-10-07T13:20:44.608342229Z,0.736
108446980,108446981,2026-10-07T13:20:44.608342229Z,2026-10-07T13:20:45.174762681Z,0.566
108446981,108446982,2026-10-07T13:20:45.174762681Z,2026-10-07T13:20:45.769022589Z,0.594
108446982,108446983,2026-10-07T13:20:45.769022589Z,2026-10-07T13:20:46.344049835Z,0.575
108446983,108446984,2026-10-07T13:20:46.344049835Z,2026-10-07T13:20:46.972874997Z,0.629
108446984,108446985,2026-10-07T13:20:46.972874997Z,2026-10-07T13:20:47.650670273Z,0.678
108446985,108446986,2026-10-07T13:20:47.650670273Z,2026-10-07T13:20:48.31599749Z,0.665
108446986,108446987,2026-10-07T13:20:48.31599749Z,2026-10-07T13:20:48.937050951Z,0.621
108446987,108446988,2026-10-07T13:20:48.937050951Z,2026-10-07T13:20:49.486743381Z,0.55
108446988,108446989,2026-10-07T13:20:49.486743381Z,2026-10-07T13:20:50.040728336Z,0.554
108446989,108446990,2026-10-07T13:20:50.040728336Z,2026-10-07T13:20:51.061666313Z,1.021
108446990,108446991,2026-10-07T13:20:51.061666313Z,2026-10-07T13:20:51.57607767Z,0.514
108446991,108446992,2026-10-07T13:20:51.57607767Z,2026-10-07T13:20:52.193131339Z,0.617
108446992,108446993,2026-10-07T13:20:52.193131339Z,2026-10-07T13:20:52.841175463Z,0.648
108446993,108446994,2026-10-07T13:20:52.841175463Z,2026-10-07T13:20:53.432216383Z,0.591
108446994,108446995,2026-10-07T13:20:53.432216383Z,2026-10-07T13:20:54.00986354Z,0.578
108446995,108446996,2026-10-07T13:20:54.00986354Z,2026-10-07T13:20:54.552847415Z,0.543
108446996,108446997,2026-10-07T13:20:54.552847415Z,2026-10-07T13:20:55.292953299Z,0.74
108446997,108446998,2026-10-07T13:20:55.292953299Z,2026-10-07T13:20:55.864108538Z,0.571
108446998,108446999,2026-10-07T13:20:55.864108538Z,2026-10-07T13:20:56.54555197Z,0.681
108446999,108447000,2026-10-07T13:20:56.54555197Z,2026-10-07T13:20:57.184455492Z,0.639
108447000,108447001,2026-10-07T13:20:57.184455492Z,2026-10-07T13:20:57.682984822Z,0.499
108447001,108447002,2026-10-07T13:20:57.682984822Z,2026-10-07T13:20:58.296827938Z,0.614
108447002,108447003,2026-10-07T13:20:58.296827938Z,2026-10-07T13:20:58.871873301Z,0.575
108447003,108447004,2026-10-07T13:20:58.871873301Z,2026-10-07T13:20:59.5173428Z,0.645
108447004,108447005,2026-10-07T13:20:59.5173428Z,2026-10-07T13:21:00.199346045Z,0.682
108447005,108447006,2026-10-07T13:21:00.199346045Z,2026-10-07T13:21:00.866613058Z,0.667
108447006,108447007,2026-10-07T13:21:00.866613058Z,2026-10-07T13:21:01.492806199Z,0.626
108447007,108447008,2026-10-07T13:21:01.492806199Z,2026-10-07T13:21:02.230484927Z,0.738
108447008,108447009,2026-10-07T13:21:02.230484927Z,2026-10-07T13:21:02.902097659Z,0.672
108447009,108447010,2026-10-07T13:21:02.902097659Z,2026-10-07T13:21:03.447349704Z,0.545
108447010,108447011,2026-10-07T13:21:03.447349704Z,2026-10-07T13:21:03.957218651Z,0.51
108447011,108447012,2026-10-07T13:21:03.957218651Z,2026-10-07T13:21:04.502003166Z,0.545
108447012,108447013,2026-10-07T13:21:04.502003166Z,2026-10-07T13:21:05.136282419Z,0.634
108447013,108447014,2026-10-07T13:21:05.136282419Z,2026-10-07T13:21:05.928208141Z,0.792
108447014,108447015,2026-10-07T13:21:05.928208141Z,2026-10-07T13:21:06.507641608Z,0.579
108447015,108447016,2026-10-07T13:21:06.507641608Z,2026-10-07T13:21:07.135314841Z,0.628
108447016,108447017,2026-10-07T13:21:07.135314841Z,2026-10-07T13:21:07.716863477Z,0.582
108447017,108447018,2026-10-07T13:21:07.716863477Z,2026-10-07T13:21:08.530631603Z,0.814
108447018,108447019,2026-10-07T13:21:08.530631603Z,2026-10-07T13:21:09.11181935Z,0.581
108447019,108447020,2026-10-07T13:21:09.11181935Z,2026-10-07T13:21:09.717391625Z,0.606
108447020,108447021,2026-10-07T13:21:09.717391625Z,2026-10-07T13:21:10.267714385Z,0.55
108447021,108447022,2026-10-07T13:21:10.267714385Z,2026-10-07T13:21:10.917797417Z,0.65
108447022,108447023,2026-10-07T13:21:10.917797417Z,2026-10-07T13:21:11.476563924Z,0.559
108447023,108447024,2026-10-07T13:21:11.476563924Z,2026-10-07T13:21:12.092486131Z,0.616
108447024,108447025,2026-10-07T13:21:12.092486131Z,2026-10-07T13:21:12.719230735Z,0.627
108447025,108447026,2026-10-07T13:21:12.719230735Z,2026-10-07T13:21:13.484314684Z,0.765
108447026,108447027,2026-10-07T13:21:13.484314684Z,2026-10-07T13:21:14.017907796Z,0.534
108447027,108447028,2026-10-07T13:21:14.017907796Z,2026-10-07T13:21:14.700631777Z,0.683
108447028,108447029,2026-10-07T13:21:14.700631777Z,2026-10-07T13:21:15.338805311Z,0.638
108447029,108447030,2026-10-07T13:21:15.338805311Z,2026-10-07T13:21:15.925764114Z,0.587
108447030,108447031,2026-10-07T13:21:15.925764114Z,2026-10-07T13:21:16.566367203Z,0.641
108447031,108447032,2026-10-07T13:21:16.566367203Z,2026-10-07T13:21:17.122268923Z,0.556
108447032,108447033,2026-10-07T13:21:17.122268923Z,2026-10-07T13:21:17.664329164Z,0.542
108447033,108447034,2026-10-07T13:21:17.664329164Z,2026-10-07T13:21:18.223770138Z,0.559
108447034,108447035,2026-10-07T13:21:18.223770138Z,2026-10-07T13:21:18.822956268Z,0.599
108447035,108447036,2026-10-07T13:21:18.822956268Z,2026-10-07T13:21:19.460219056Z,0.637
108447036,108447037,2026-10-07T13:21:19.460219056Z,2026-10-07T13:21:20.065294823Z,0.605
108447037,108447038,2026-10-07T13:21:20.065294823Z,2026-10-07T13:21:20.781546478Z,0.716
108447038,108447039,2026-10-07T13:21:20.781546478Z,2026-10-07T13:21:21.321073955Z,0.54
108447039,108447040,2026-10-07T13:21:21.321073955Z,2026-10-07T13:21:21.947614323Z,0.627
108447040,108447041,2026-10-07T13:21:21.947614323Z,2026-10-07T13:21:22.50519097Z,0.558
108447041,108447042,2026-10-07T13:21:22.50519097Z,2026-10-07T13:21:23.195849349Z,0.691
108447042,108447043,2026-10-07T13:21:23.195849349Z,2026-10-07T13:21:23.757706024Z,0.562
108447043,108447044,2026-10-07T13:21:23.757706024Z,2026-10-07T13:21:24.407004553Z,0.649
108447044,108447045,2026-10-07T13:21:24.407004553Z,2026-10-07T13:21:25.024497488Z,0.617
108447045,108447046,2026-10-07T13:21:25.024497488Z,2026-10-07T13:21:25.619466367Z,0.595
108447046,108447047,2026-10-07T13:21:25.619466367Z,2026-10-07T13:21:26.227762547Z,0.608
108447047,108447048,2026-10-07T13:21:26.227762547Z,2026-10-07T13:21:26.830091084Z,0.602
108447048,108447049,2026-10-07T13:21:26.830091084Z,2026-10-07T13:21:27.318972376Z,0.489
108447049,108447050,2026-10-07T13:21:27.318972376Z,2026-10-07T13:21:27.989841015Z,0.671
108447050,108447051,2026-10-07T13:21:27.989841015Z,2026-10-07T13:21:28.763999303Z,0.774
108447051,108447052,2026-10-07T13:21:28.763999303Z,2026-10-07T13:21:29.336729192Z,0.573
108447052,108447053,2026-10-07T13:21:29.336729192Z,2026-10-07T13:21:29.839545432Z,0.503
108447053,108447054,2026-10-07T13:21:29.839545432Z,2026-10-07T13:21:30.520288369Z,0.681
108447054,108447055,2026-10-07T13:21:30.520288369Z,2026-10-07T13:21:31.129462856Z,0.609
108447055,108447056,2026-10-07T13:21:31.129462856Z,2026-10-07T13:21:31.76055079Z,0.631
108447056,108447057,2026-10-07T13:21:31.76055079Z,2026-10-07T13:21:32.289846282Z,0.529
108447057,108447058,2026-10-07T13:21:32.289846282Z,2026-10-07T13:21:32.908675786Z,0.619
108447058,108447059,2026-10-07T13:21:32.908675786Z,2026-10-07T13:21:33.868483985Z,0.96
108447059,108447060,2026-10-07T13:21:33.868483985Z,2026-10-07T13:21:34.645601198Z,0.777
108447060,108447061,2026-10-07T13:21:34.645601198Z,2026-10-07T13:21:35.146147544Z,0.501
108447061,108447062,2026-10-07T13:21:35.146147544Z,2026-10-07T13:21:35.80256302Z,0.656
108447062,108447063,2026-10-07T13:21:35.80256302Z,2026-10-07T13:21:36.46407995Z,0.662
108447063,108447064,2026-10-07T13:21:36.46407995Z,2026-10-07T13:21:37.050282011Z,0.586
108447064,108447065,2026-10-07T13:21:37.050282011Z,2026-10-07T13:21:37.621840651Z,0.572
108447065,108447066,2026-10-07T13:21:37.621840651Z,2026-10-07T13:21:38.338387685Z,0.717
108447066,108447067,2026-10-07T13:21:38.338387685Z,2026-10-07T13:21:38.897133574Z,0.559
108447067,108447068,2026-10-07T13:21:38.897133574Z,2026-10-07T13:21:39.561854095Z,0.665
108447068,108447069,2026-10-07T13:21:39.561854095Z,2026-10-07T13:21:40.318677504Z,0.757
108447069,108447070,2026-10-07T13:21:40.318677504Z,2026-10-07T13:21:40.971044488Z,0.652
108447070,108447071,2026-10-07T13:21:40.971044488Z,2026-10-07T13:21:41.452426376Z,0.481
108447071,108447072,2026-10-07T13:21:41.452426376Z,2026-10-07T13:21:42.000430935Z,0.548
108447072,108447073,2026-10-07T13:21:42.000430935Z,2026-10-07T13:21:42.604206926Z,0.604
108447073,108447074,2026-10-07T13:21:42.604206926Z,2026-10-07T13:21:43.308738993Z,0.705
108447074,108447075,2026-10-07T13:21:43.308738993Z,2026-10-07T13:21:43.973842429Z,0.665
108447075,108447076,2026-10-07T13:21:43.973842429Z,2026-10-07T13:21:44.51522852Z,0.541
108447076,108447077,2026-10-07T13:21:44.51522852Z,2026-10-07T13:21:45.083969791Z,0.569
108447077,108447078,2026-10-07T13:21:45.083969791Z,2026-10-07T13:21:45.963263213Z,0.879
108447078,108447079,2026-10-07T13:21:45.963263213Z,2026-10-07T13:21:46.516203903Z,0.553
108447079,108447080,2026-10-07T13:21:46.516203903Z,2026-10-07T13:21:47.130903675Z,0.615
108447080,108447081,2026-10-07T13:21:47.130903675Z,2026-10-07T13:21:47.745135086Z,0.614
108447081,108447082,2026-10-07T13:21:47.745135086Z,2026-10-07T13:21:48.408562993Z,0.663
108447082,108447083,2026-10-07T13:21:48.408562993Z,2026-10-07T13:21:49.167434452Z,0.759
108447083,108447084,2026-10-07T13:21:49.167434452Z,2026-10-07T13:21:49.690421008Z,0.523
108447084,108447085,2026-10-07T13:21:49.690421008Z,2026-10-07T13:21:50.325310095Z,0.635
108447085,108447086,2026-10-07T13:21:50.325310095Z,2026-10-07T13:21:50.981543531Z,0.656
108447086,108447087,2026-10-07T13:21:50.981543531Z,2026-10-07T13:21:51.476012496Z,0.494
108447087,108447088,2026-10-07T13:21:51.476012496Z,2026-10-07T13:21:52.09985936Z,0.624
108447088,108447089,2026-10-07T13:21:52.09985936Z,2026-10-07T13:21:52.872064384Z,0.772
108447089,108447090,2026-10-07T13:21:52.872064384Z,2026-10-07T13:21:53.453336542Z,0.581
108447090,108447091,2026-10-07T13:21:53.453336542Z,2026-10-07T13:21:54.023301303Z,0.57
108447091,108447092,2026-10-07T13:21:54.023301303Z,2026-10-07T13:21:54.647601045Z,0.624
108447092,108447093,2026-10-07T13:21:54.647601045Z,2026-10-07T13:21:55.291522907Z,0.644
108447093,108447094,2026-10-07T13:21:55.291522907Z,2026-10-07T13:21:55.916804768Z,0.625
108447094,108447095,2026-10-07T13:21:55.916804768Z,2026-10-07T13:21:56.438379253Z,0.522
108447095,108447096,2026-10-07T13:21:56.438379253Z,2026-10-07T13:21:57.056691352Z,0.618
108447096,108447097,2026-10-07T13:21:57.056691352Z,2026-10-07T13:21:57.642328613Z,0.586
108447097,108447098,2026-10-07T13:21:57.642328613Z,2026-10-07T13:21:58.247355529Z,0.605
108447098,108447099,2026-10-07T13:21:58.247355529Z,2026-10-07T13:21:58.810259951Z,0.563
108447099,108447100,2026-10-07T13:21:58.810259951Z,2026-10-07T13:21:59.440245917Z,0.63
108447100,108447101,2026-10-07T13:21:59.440245917Z,2026-10-07T13:22:00.023809346Z,0.584
108447101,108447102,2026-10-07T13:22:00.023809346Z,2026-10-07T13:22:00.667405455Z,0.644
108447102,108447103,2026-10-07T13:22:00.667405455Z,2026-10-07T13:22:01.220616657Z,0.553
108447103,108447104,2026-10-07T13:22:01.220616657Z,2026-10-07T13:22:01.866414073Z,0.646
108447104,108447105,2026-10-07T13:22:01.866414073Z,2026-10-07T13:22:02.448178266Z,0.582
108447105,108447106,2026-10-07T13:22:02.448178266Z,2026-10-07T13:22:03.023317215Z,0.575
108447106,108447107,2026-10-07T13:22:03.023317215Z,2026-10-07T13:22:03.568773623Z,0.545
108447107,108447108,2026-10-07T13:22:03.568773623Z,2026-10-07T13:22:04.154915639Z,0.586
108447108,108447109,2026-10-07T13:22:04.154915639Z,2026-10-07T13:22:04.722290249Z,0.567
108447109,108447110,2026-10-07T13:22:04.722290249Z,2026-10-07T13:22:05.292569362Z,0.57
108447110,108447111,2026-10-07T13:22:05.292569362Z,2026-10-07T13:22:05.993591935Z,0.701
108447111,108447112,2026-10-07T13:22:05.993591935Z,2026-10-07T13:22:06.562876111Z,0.569
108447112,108447113,2026-10-07T13:22:06.562876111Z,2026-10-07T13:22:07.127190405Z,0.564
108447113,108447114,2026-10-07T13:22:07.127190405Z,2026-10-07T13:22:07.809421745Z,0.682
108447114,108447115,2026-10-07T13:22:07.809421745Z,2026-10-07T13:22:08.423565826Z,0.614
108447115,108447116,2026-10-07T13:22:08.423565826Z,2026-10-07T13:22:09.006692421Z,0.583
108447116,108447117,2026-10-07T13:22:09.006692421Z,2026-10-07T13:22:09.578383388Z,0.572
108447117,108447118,2026-10-07T13:22:09.578383388Z,2026-10-07T13:22:10.198820314Z,0.62
108447118,108447119,2026-10-07T13:22:10.198820314Z,2026-10-07T13:22:10.816062906Z,0.617
108447119,108447120,2026-10-07T13:22:10.816062906Z,2026-10-07T13:22:11.494044901Z,0.678
108447120,108447121,2026-10-07T13:22:11.494044901Z,2026-10-07T13:22:12.053632826Z,0.56
108447121,108447122,2026-10-07T13:22:12.053632826Z,2026-10-07T13:22:12.608499662Z,0.555
108447122,108447123,2026-10-07T13:22:12.608499662Z,2026-10-07T13:22:13.230397888Z,0.622
108447123,108447124,2026-10-07T13:22:13.230397888Z,2026-10-07T13:22:13.88024489Z,0.65
108447124,108447125,2026-10-07T13:22:13.88024489Z,2026-10-07T13:22:14.493789042Z,0.614
108447125,108447126,2026-10-07T13:22:14.493789042Z,2026-10-07T13:22:15.112302191Z,0.619
108447126,108447127,2026-10-07T13:22:15.112302191Z,2026-10-07T13:22:15.72057156Z,0.608
108447127,108447128,2026-10-07T13:22:15.72057156Z,2026-10-07T13:22:16.422075558Z,0.702
108447128,108447129,2026-10-07T13:22:16.422075558Z,2026-10-07T13:22:17.008615701Z,0.587
108447129,108447130,2026-10-07T13:22:17.008615701Z,2026-10-07T13:22:17.548729522Z,0.54
108447130,108447131,2026-10-07T13:22:17.548729522Z,2026-10-07T13:22:18.102643517Z,0.554
108447131,108447132,2026-10-07T13:22:18.102643517Z,2026-10-07T13:22:18.831325351Z,0.729
108447132,108447133,2026-10-07T13:22:18.831325351Z,2026-10-07T13:22:19.428817397Z,0.597
108447133,108447134,2026-10-07T13:22:19.428817397Z,2026-10-07T13:22:20.117646894Z,0.689
108447134,108447135,2026-10-07T13:22:20.117646894Z,2026-10-07T13:22:20.687429923Z,0.57
108447135,108447136,2026-10-07T13:22:20.687429923Z,2026-10-07T13:22:21.253875995Z,0.566
108447136,108447137,2026-10-07T13:22:21.253875995Z,2026-10-07T13:22:21.783113757Z,0.529
108447137,108447138,2026-10-07T13:22:21.783113757Z,2026-10-07T13:22:22.38836086Z,0.605
108447138,108447139,2026-10-07T13:22:22.38836086Z,2026-10-07T13:22:22.935708074Z,0.547
108447139,108447140,2026-10-07T13:22:22.935708074Z,2026-10-07T13:22:23.449813104Z,0.514
108447140,108447141,2026-10-07T13:22:23.449813104Z,2026-10-07T13:22:23.938119736Z,0.488
108447141,108447142,2026-10-07T13:22:23.938119736Z,2026-10-07T13:22:24.556844204Z,0.619
108447142,108447143,2026-10-07T13:22:24.556844204Z,2026-10-07T13:22:25.100998177Z,0.544
108447143,108447144,2026-10-07T13:22:25.100998177Z,2026-10-07T13:22:25.647406806Z,0.546
108447144,108447145,2026-10-07T13:22:25.647406806Z,2026-10-07T13:22:26.202216462Z,0.555
108447145,108447146,2026-10-07T13:22:26.202216462Z,2026-10-07T13:22:26.701067183Z,0.499
108447146,108447147,2026-10-07T13:22:26.701067183Z,2026-10-07T13:22:27.198408737Z,0.497
108447147,108447148,2026-10-07T13:22:27.198408737Z,2026-10-07T13:22:27.727837503Z,0.529
108447148,108447149,2026-10-07T13:22:27.727837503Z,2026-10-07T13:22:28.259251916Z,0.531
108447149,108447150,2026-10-07T13:22:28.259251916Z,2026-10-07T13:22:28.797601861Z,0.538
108447150,108447151,2026-10-07T13:22:28.797601861Z,2026-10-07T13:22:29.41601017Z,0.618
108447151,108447152,2026-10-07T13:22:29.41601017Z,2026-10-07T13:22:29.957891294Z,0.542
108447152,108447153,2026-10-07T13:22:29.957891294Z,2026-10-07T13:22:30.461404723Z,0.504
108447153,108447154,2026-10-07T13:22:30.461404723Z,2026-10-07T13:22:31.011125356Z,0.55
108447154,108447155,2026-10-07T13:22:31.011125356Z,2026-10-07T13:22:31.500120566Z,0.489
108447155,108447156,2026-10-07T13:22:31.500120566Z,2026-10-07T13:22:32.010632102Z,0.511
108447156,108447157,2026-10-07T13:22:32.010632102Z,2026-10-07T13:22:32.544457805Z,0.534
108447157,108447158,2026-10-07T13:22:32.544457805Z,2026-10-07T13:22:33.084530253Z,0.54
108447158,108447159,2026-10-07T13:22:33.084530253Z,2026-10-07T13:22:33.624971658Z,0.54
108447159,108447160,2026-10-07T13:22:33.624971658Z,2026-10-07T13:22:34.170988112Z,0.546
108447160,108447161,2026-10-07T13:22:34.170988112Z,2026-10-07T13:22:34.707896248Z,0.537
108447161,108447162,2026-10-07T13:22:34.707896248Z,2026-10-07T13:22:35.233152806Z,0.525
108447162,108447163,2026-10-07T13:22:35.233152806Z,2026-10-07T13:22:35.724214621Z,0.491
108447163,108447164,2026-10-07T13:22:35.724214621Z,2026-10-07T13:22:36.221690526Z,0.497
108447164,108447165,2026-10-07T13:22:36.221690526Z,2026-10-07T13:22:36.695131327Z,0.473
108447165,108447166,2026-10-07T13:22:36.695131327Z,2026-10-07T13:22:37.239212763Z,0.544
108447166,108447167,2026-10-07T13:22:37.239212763Z,2026-10-07T13:22:37.785371555Z,0.546
108447167,108447168,2026-10-07T13:22:37.785371555Z,2026-10-07T13:22:38.3259594Z,0.541
108447168,108447169,2026-10-07T13:22:38.3259594Z,2026-10-07T13:22:38.862489596Z,0.537
108447169,108447170,2026-10-07T13:22:38.862489596Z,2026-10-07T13:22:39.460167292Z,0.598
108447170,108447171,2026-10-07T13:22:39.460167292Z,2026-10-07T13:22:39.940905777Z,0.481
108447171,108447172,2026-10-07T13:22:39.940905777Z,2026-10-07T13:22:40.4385354Z,0.498
108447172,108447173,2026-10-07T13:22:40.4385354Z,2026-10-07T13:22:40.969460655Z,0.531
108447173,108447174,2026-10-07T13:22:40.969460655Z,2026-10-07T13:22:41.514342174Z,0.545
108447174,108447175,2026-10-07T13:22:41.514342174Z,2026-10-07T13:22:42.060716429Z,0.546
108447175,108447176,2026-10-07T13:22:42.060716429Z,2026-10-07T13:22:42.593744565Z,0.533
108447176,108447177,2026-10-07T13:22:42.593744565Z,2026-10-07T13:22:43.130859313Z,0.537
108447177,108447178,2026-10-07T13:22:43.130859313Z,2026-10-07T13:22:43.711062362Z,0.58
108447178,108447179,2026-10-07T13:22:43.711062362Z,2026-10-07T13:22:44.215170279Z,0.504
108447179,108447180,2026-10-07T13:22:44.215170279Z,2026-10-07T13:22:44.816358802Z,0.601
108447180,108447181,2026-10-07T13:22:44.816358802Z,2026-10-07T13:22:45.417069006Z,0.601
108447181,108447182,2026-10-07T13:22:45.417069006Z,2026-10-07T13:22:46.114879578Z,0.698
108447182,108447183,2026-10-07T13:22:46.114879578Z,2026-10-07T13:22:46.718106356Z,0.603
108447183,108447184,2026-10-07T13:22:46.718106356Z,2026-10-07T13:22:47.234325014Z,0.516
108447184,108447185,2026-10-07T13:22:47.234325014Z,2026-10-07T13:22:47.761692071Z,0.527
108447185,108447186,2026-10-07T13:22:47.761692071Z,2026-10-07T13:22:48.36203699Z,0.6
108447186,108447187,2026-10-07T13:22:48.36203699Z,2026-10-07T13:22:49.113963903Z,0.752
108447187,108447188,2026-10-07T13:22:49.113963903Z,2026-10-07T13:22:49.733529918Z,0.62
108447188,108447189,2026-10-07T13:22:49.733529918Z,2026-10-07T13:22:50.340969892Z,0.607
108447189,108447190,2026-10-07T13:22:50.340969892Z,2026-10-07T13:22:50.93500415Z,0.594
108447190,108447191,2026-10-07T13:22:50.93500415Z,2026-10-07T13:22:51.500246522Z,0.565
108447191,108447192,2026-10-07T13:22:51.500246522Z,2026-10-07T13:22:52.111260831Z,0.611
108447192,108447193,2026-10-07T13:22:52.111260831Z,2026-10-07T13:22:52.660523605Z,0.549
108447193,108447194,2026-10-07T13:22:52.660523605Z,2026-10-07T13:22:53.179026088Z,0.519
108447194,108447195,2026-10-07T13:22:53.179026088Z,2026-10-07T13:22:53.714239279Z,0.535
108447195,108447196,2026-10-07T13:22:53.714239279Z,2026-10-07T13:22:54.324779113Z,0.611
108447196,108447197,2026-10-07T13:22:54.324779113Z,2026-10-07T13:22:54.951991499Z,0.627
108447197,108447198,2026-10-07T13:22:54.951991499Z,2026-10-07T13:22:55.526501086Z,0.575
108447198,108447199,2026-10-07T13:22:55.526501086Z,2026-10-07T13:22:56.175450374Z,0.649
108447199,108447200,2026-10-07T13:22:56.175450374Z,2026-10-07T13:22:56.706979579Z,0.532
108447200,108447201,2026-10-07T13:22:56.706979579Z,2026-10-07T13:22:57.236062876Z,0.529
108447201,108447202,2026-10-07T13:22:57.236062876Z,2026-10-07T13:22:57.82164347Z,0.586
108447202,108447203,2026-10-07T13:22:57.82164347Z,2026-10-07T13:22:58.477549883Z,0.656
108447203,108447204,2026-10-07T13:22:58.477549883Z,2026-10-07T13:22:59.059632369Z,0.582
108447204,108447205,2026-10-07T13:22:59.059632369Z,2026-10-07T13:22:59.632561239Z,0.573
