proposal_id,proposed_ts,proved_ts,proved_block,latency_s
38893,1790771843,1790773799,26090504,1956
38894,1790772227,1790773799,26090504,1572
38895,1790772611,1790773799,26090504,1188
38896,1790772995,1790773799,26090504,804
38897,1790773379,1790776007,26090687,2628
38898,1790773751,1790776007,26090687,2256
38899,1790774147,1790776007,26090687,1860
38900,1790774531,1790776007,26090687,1476
38901,1790774915,1790776007,26090687,1092
38902,1790775299,1790777999,26090852,2700
38903,1790775683,1790777999,26090852,2316
38904,1790776067,1790777999,26090852,1932
38905,1790776451,1790777999,26090852,1548
38906,1790776823,1790777999,26090852,1176
38907,1790777219,1790779631,26090987,2412
38908,1790777603,1790779631,26090987,2028
38909,1790777987,1790779631,26090987,1644
38910,1790778371,1790779631,26090987,1260
38911,1790778755,1790779631,26090987,876
38912,1790779139,1790781359,26091131,2220
38913,1790779511,1790781359,26091131,1848
38914,1790779907,1790781359,26091131,1452
38915,1790780291,1790781359,26091131,1068
38916,1790780663,1790781359,26091131,696
38917,1790781059,1790783555,26091312,2496
38918,1790781443,1790783555,26091312,2112
38919,1790781827,1790783555,26091312,1728
38920,1790782223,1790783555,26091312,1332
38921,1790782595,1790783555,26091312,960
38922,1790782979,1790785727,26091492,2748
38923,1790783351,1790785727,26091492,2376
38924,1790783747,1790785727,26091492,1980
38925,1790784131,1790785727,26091492,1596
38926,1790784515,1790785727,26091492,1212
38927,1790784887,1790787095,26091606,2208
38928,1790785283,1790787095,26091606,1812
38929,1790785667,1790787095,26091606,1428
38930,1790786051,1790787095,26091606,1044
38931,1790786435,1790787095,26091606,660
38932,1790786819,1790789063,26091770,2244
38933,1790787203,1790789063,26091770,1860
38934,1790787587,1790789063,26091770,1476
38935,1790787971,1790789063,26091770,1092
38936,1790788343,1790789063,26091770,720
38937,1790788739,1790791307,26091956,2568
38938,1790789123,1790791307,26091956,2184
38939,1790789507,1790791307,26091956,1800
38940,1790789879,1790791307,26091956,1428
38941,1790790275,1790791307,26091956,1032
38942,1790790659,1790793083,26092104,2424
38943,1790791043,1790793083,26092104,2040
38944,1790791427,1790793083,26092104,1656
38945,1790791811,1790793083,26092104,1272
38946,1790792183,1790793083,26092104,900
38947,1790792579,1790794787,26092245,2208
38948,1790792963,1790794787,26092245,1824
38949,1790793347,1790794787,26092245,1440
38950,1790793743,1790794787,26092245,1044
38951,1790794115,1790794787,26092245,672
38952,1790794499,1790796767,26092409,2268
38953,1790794883,1790796767,26092409,1884
38954,1790795267,1790796767,26092409,1500
38955,1790795651,1790796767,26092409,1116
38956,1790796035,1790796767,26092409,732
38957,1790796407,1790799191,26092609,2784
38958,1790796803,1790799191,26092609,2388
38959,1790797187,1790799191,26092609,2004
38960,1790797571,1790799191,26092609,1620
38961,1790797955,1790799191,26092609,1236
38962,1790798339,1790800667,26092732,2328
38963,1790798723,1790800667,26092732,1944
38964,1790799119,1790800667,26092732,1548
38965,1790799503,1790800667,26092732,1164
38966,1790799887,1790800667,26092732,780
38967,1790800259,1790802527,26092887,2268
38968,1790800643,1790802527,26092887,1884
38969,1790801015,1790802527,26092887,1512
38970,1790801411,1790802527,26092887,1116
38971,1790801783,1790802527,26092887,744
38972,1790802179,1790804387,26093042,2208
38973,1790802563,1790804387,26093042,1824
38974,1790802947,1790804387,26093042,1440
38975,1790803319,1790804387,26093042,1068
38976,1790803715,1790804387,26093042,672
38977,1790804099,1790806307,26093200,2208
38978,1790804483,1790806307,26093200,1824
38979,1790804867,1790806307,26093200,1440
38980,1790805251,1790806307,26093200,1056
38981,1790805635,1790806307,26093200,672
38982,1790806019,1790808455,26093376,2436
38983,1790806403,1790808455,26093376,2052
38984,1790806787,1790808455,26093376,1668
38985,1790807183,1790808455,26093376,1272
38986,1790807567,1790808455,26093376,888
38987,1790807951,1790810555,26093550,2604
38988,1790808359,1790810555,26093550,2196
38989,1790808731,1790810555,26093550,1824
38990,1790809091,1790810555,26093550,1464
38991,1790809475,1790810555,26093550,1080
38992,1790809859,1790812343,26093699,2484
38993,1790810243,1790812343,26093699,2100
38994,1790810627,1790812343,26093699,1716
38995,1790811011,1790812343,26093699,1332
38996,1790811395,1790812343,26093699,948
38997,1790811767,1790814359,26093867,2592
38998,1790812163,1790814359,26093867,2196
38999,1790812547,1790814359,26093867,1812
39000,1790812931,1790814359,26093867,1428
39001,1790813315,1790814359,26093867,1044
39002,1790813699,1790815979,26094001,2280
39003,1790814083,1790815979,26094001,1896
39004,1790814467,1790815979,26094001,1512
39005,1790814839,1790815979,26094001,1140
39006,1790815235,1790815979,26094001,744
39007,1790815619,1790818067,26094175,2448
39008,1790816003,1790818067,26094175,2064
39009,1790816387,1790818067,26094175,1680
39010,1790816783,1790818067,26094175,1284
39011,1790817167,1790818067,26094175,900
39012,1790817563,1790820359,26094366,2796
39013,1790817923,1790820359,26094366,2436
39014,1790818307,1790820359,26094366,2052
39015,1790818691,1790820359,26094366,1668
39016,1790819075,1790820359,26094366,1284
39017,1790819459,1790822303,26094528,2844
39018,1790819831,1790822303,26094528,2472
39019,1790820227,1790822303,26094528,2076
39020,1790820611,1790822303,26094528,1692
39021,1790820995,1790822303,26094528,1308
39022,1790821379,1790824127,26094680,2748
39023,1790821763,1790824127,26094680,2364
39024,1790822147,1790824127,26094680,1980
39025,1790822531,1790824127,26094680,1596
39026,1790822915,1790824127,26094680,1212
39027,1790823299,1790826071,26094842,2772
39028,1790823683,1790826071,26094842,2388
39029,1790824067,1790826071,26094842,2004
39030,1790824463,1790826071,26094842,1608
39031,1790824847,1790826071,26094842,1224
39032,1790825231,1790830199,26095185,4968
39033,1790825603,1790830199,26095185,4596
39034,1790825987,1790830199,26095185,4212
39035,1790826371,1790830199,26095185,3828
39036,1790826755,1790830199,26095185,3444
39037,1790827151,1790831483,26095291,4332
39038,1790827511,1790831483,26095291,3972
39039,1790827907,1790831483,26095291,3576
39040,1790828291,1790831483,26095291,3192
39041,1790828675,1790831483,26095291,2808
39042,1790829059,1790831831,26095320,2772
39043,1790829443,1790831831,26095320,2388
39044,1790829827,1790831831,26095320,2004
39045,1790830211,1790831831,26095320,1620
39046,1790830595,1790831831,26095320,1236
39047,1790830979,1790833115,26095426,2136
39048,1790831363,1790833115,26095426,1752
39049,1790831747,1790833115,26095426,1368
39050,1790832131,1790833115,26095426,984
39051,1790832515,1790833115,26095426,600
39052,1790832899,1790835083,26095590,2184
39053,1790833283,1790835083,26095590,1800
39054,1790833667,1790835083,26095590,1416
39055,1790834051,1790835083,26095590,1032
39056,1790834435,1790835083,26095590,648
39057,1790834819,1790837051,26095754,2232
39058,1790835203,1790837051,26095754,1848
39059,1790835587,1790837051,26095754,1464
39060,1790835959,1790837051,26095754,1092
39061,1790836355,1790837051,26095754,696
39062,1790836739,1790839235,26095936,2496
39063,1790837123,1790839235,26095936,2112
39064,1790837507,1790839235,26095936,1728
39065,1790837891,1790839235,26095936,1344
39066,1790838275,1790839235,26095936,960
39067,1790838671,1790841119,26096092,2448
39068,1790839055,1790841119,26096092,2064
39069,1790839439,1790841119,26096092,1680
39070,1790839835,1790841119,26096092,1284
39071,1790840219,1790841119,26096092,900
39072,1790840579,1790843063,26096254,2484
39073,1790840963,1790843063,26096254,2100
39074,1790841347,1790843063,26096254,1716
39075,1790841731,1790843063,26096254,1332
39076,1790842103,1790843063,26096254,960
39077,1790842511,1790844839,26096401,2328
39078,1790842883,1790844839,26096401,1956
39079,1790843267,1790844839,26096401,1572
39080,1790843651,1790844839,26096401,1188
39081,1790844035,1790844839,26096401,804
39082,1790844419,1790846855,26096567,2436
39083,1790844803,1790846855,26096567,2052
39084,1790845187,1790846855,26096567,1668
39085,1790845571,1790846855,26096567,1284
39086,1790845955,1790846855,26096567,900
39087,1790846351,1790848787,26096728,2436
39088,1790846711,1790848787,26096728,2076
39089,1790847095,1790848787,26096728,1692
39090,1790847491,1790848787,26096728,1296
39091,1790847875,1790848787,26096728,912
39092,1790848259,1790850731,26096890,2472
39093,1790848631,1790850731,26096890,2100
39094,1790849027,1790850731,26096890,1704
39095,1790849411,1790850731,26096890,1320
39096,1790849795,1790850731,26096890,936
39097,1790850167,1790854079,26097167,3912
39098,1790850563,1790854079,26097167,3516
39099,1790850935,1790854079,26097167,3144
39100,1790851331,1790854079,26097167,2748
39101,1790851715,1790854079,26097167,2364
39102,1790852099,1790854679,26097217,2580
39103,1790852483,1790854679,26097217,2196
39104,1790852867,1790854679,26097217,1812
39105,1790853251,1790854679,26097217,1428
39106,1790853635,1790854679,26097217,1044
39107,1790854019,1790856203,26097344,2184
39108,1790854403,1790856203,26097344,1800
39109,1790854799,1790856203,26097344,1404
39110,1790855183,1790856203,26097344,1020
39111,1790855555,1790856203,26097344,648
39112,1790855939,1790858159,26097505,2220
39113,1790856323,1790858159,26097505,1836
39114,1790856707,1790858159,26097505,1452
39115,1790857079,1790858159,26097505,1080
39116,1790857475,1790858159,26097505,684
39117,1790857859,1790860079,26097665,2220
39118,1790858243,1790860079,26097665,1836
39119,1790858615,1790860079,26097665,1464
39120,1790859011,1790860079,26097665,1068
39121,1790859395,1790860079,26097665,684
39122,1790859779,1790862035,26097826,2256
39123,1790860163,1790862035,26097826,1872
39124,1790860547,1790862035,26097826,1488
39125,1790860931,1790862035,26097826,1104
39126,1790861303,1790862035,26097826,732
39127,1790861699,1790863943,26097985,2244
39128,1790862083,1790863943,26097985,1860
39129,1790862467,1790863943,26097985,1476
39130,1790862851,1790863943,26097985,1092
39131,1790863247,1790863943,26097985,696
39132,1790863631,1790865875,26098145,2244
39133,1790864015,1790865875,26098145,1860
39134,1790864375,1790865875,26098145,1500
39135,1790864771,1790865875,26098145,1104
39136,1790865155,1790865875,26098145,720
39137,1790865539,1790867735,26098298,2196
39138,1790865923,1790867735,26098298,1812
39139,1790866307,1790867735,26098298,1428
39140,1790866691,1790867735,26098298,1044
39141,1790867075,1790867735,26098298,660
39142,1790867459,1790869715,26098463,2256
39143,1790867843,1790869715,26098463,1872
39144,1790868227,1790869715,26098463,1488
39145,1790868611,1790869715,26098463,1104
39146,1790868995,1790869715,26098463,720
39147,1790869379,1790871587,26098618,2208
39148,1790869763,1790871587,26098618,1824
39149,1790870147,1790871587,26098618,1440
39150,1790870543,1790871587,26098618,1044
39151,1790870927,1790871587,26098618,660
39152,1790871311,1790873603,26098785,2292
39153,1790871707,1790873603,26098785,1896
39154,1790872091,1790873603,26098785,1512
39155,1790872475,1790873603,26098785,1128
39156,1790872871,1790873603,26098785,732
39157,1790873219,1790875415,26098936,2196
39158,1790873603,1790875415,26098936,1812
39159,1790873987,1790875415,26098936,1428
39160,1790874371,1790875415,26098936,1044
39161,1790874767,1790875415,26098936,648
39162,1790875127,1790877455,26099106,2328
39163,1790875523,1790877455,26099106,1932
39164,1790875919,1790877455,26099106,1536
39165,1790876291,1790877455,26099106,1164
39166,1790876675,1790877455,26099106,780
39167,1790877059,1790879471,26099273,2412
39168,1790877443,1790879471,26099273,2028
39169,1790877827,1790879471,26099273,1644
39170,1790878211,1790879471,26099273,1260
39171,1790878583,1790879471,26099273,888
39172,1790878979,1790881307,26099426,2328
39173,1790879363,1790881307,26099426,1944
39174,1790879747,1790881307,26099426,1560
39175,1790880131,1790881307,26099426,1176
39176,1790880515,1790881307,26099426,792
39177,1790880899,1790883527,26099610,2628
39178,1790881283,1790883527,26099610,2244
39179,1790881667,1790883527,26099610,1860
39180,1790882051,1790883527,26099610,1476
39181,1790882435,1790883527,26099610,1092
39182,1790882819,1790885171,26099747,2352
39183,1790883203,1790885171,26099747,1968
39184,1790883587,1790885171,26099747,1584
39185,1790883959,1790885171,26099747,1212
39186,1790884355,1790885171,26099747,816
39187,1790884739,1790887151,26099911,2412
39188,1790885123,1790887151,26099911,2028
39189,1790885507,1790887151,26099911,1644
39190,1790885903,1790887151,26099911,1248
39191,1790886275,1790887151,26099911,876
39192,1790886659,1790889155,26100078,2496
39193,1790887043,1790889155,26100078,2112
39194,1790887427,1790889155,26100078,1728
39195,1790887811,1790889155,26100078,1344
39196,1790888195,1790889155,26100078,960
39197,1790888579,1790890883,26100221,2304
39198,1790888963,1790890883,26100221,1920
39199,1790889335,1790890883,26100221,1548
39200,1790889731,1790890883,26100221,1152
39201,1790890115,1790890883,26100221,768
39202,1790890499,1790892803,26100380,2304
39203,1790890883,1790892803,26100380,1920
39204,1790891267,1790892803,26100380,1536
39205,1790891651,1790892803,26100380,1152
39206,1790892023,1790892803,26100380,780
39207,1790892419,1790894723,26100540,2304
39208,1790892803,1790894723,26100540,1920
39209,1790893187,1790894723,26100540,1536
39210,1790893571,1790894723,26100540,1152
39211,1790893955,1790894723,26100540,768
39212,1790894339,1790896835,26100716,2496
39213,1790894723,1790896835,26100716,2112
39214,1790895107,1790896835,26100716,1728
39215,1790895491,1790896835,26100716,1344
39216,1790895875,1790896835,26100716,960
39217,1790896259,1790898803,26100880,2544
39218,1790896643,1790898803,26100880,2160
39219,1790897027,1790898803,26100880,1776
39220,1790897411,1790898803,26100880,1392
39221,1790897795,1790898803,26100880,1008
39222,1790898179,1790900411,26101013,2232
39223,1790898551,1790900411,26101013,1860
39224,1790898947,1790900411,26101013,1464
39225,1790899331,1790900411,26101013,1080
39226,1790899715,1790900411,26101013,696
39227,1790900099,1790902331,26101173,2232
39228,1790900483,1790902331,26101173,1848
39229,1790900867,1790902331,26101173,1464
39230,1790901251,1790902331,26101173,1080
39231,1790901635,1790902331,26101173,696
39232,1790902019,1790904191,26101326,2172
39233,1790902403,1790904191,26101326,1788
39234,1790902775,1790904191,26101326,1416
39235,1790903159,1790904191,26101326,1032
39236,1790903555,1790904191,26101326,636
39237,1790903939,1790906063,26101482,2124
39238,1790904323,1790906063,26101482,1740
39239,1790904707,1790906063,26101482,1356
39240,1790905091,1790906063,26101482,972
39241,1790905475,1790906063,26101482,588
39242,1790905859,1790908007,26101644,2148
39243,1790906231,1790908007,26101644,1776
39244,1790906627,1790908007,26101644,1380
39245,1790907011,1790908007,26101644,996
39246,1790907395,1790908007,26101644,612
39247,1790907779,1790910023,26101811,2244
39248,1790908175,1790910023,26101811,1848
39249,1790908547,1790910023,26101811,1476
39250,1790908919,1790910023,26101811,1104
39251,1790909375,1790910023,26101811,648
39252,1790909759,1790911895,26101967,2136
39253,1790910143,1790911895,26101967,1752
39254,1790910527,1790911895,26101967,1368
39255,1790910851,1790911895,26101967,1044
39256,1790911235,1790911895,26101967,660
39257,1790911607,1790913743,26102121,2136
39258,1790911991,1790913743,26102121,1752
39259,1790912375,1790913743,26102121,1368
39260,1790912759,1790913743,26102121,984
39261,1790913143,1790913743,26102121,600
39262,1790913527,1790915723,26102285,2196
39263,1790913911,1790915723,26102285,1812
39264,1790914295,1790915723,26102285,1428
39265,1790914679,1790915723,26102285,1044
39266,1790915063,1790915723,26102285,660
39267,1790915447,1790917595,26102441,2148
39268,1790915831,1790917595,26102441,1764
39269,1790916215,1790917595,26102441,1380
39270,1790916599,1790917595,26102441,996
39271,1790916983,1790917595,26102441,612
39272,1790917367,1790919479,26102597,2112
39273,1790917763,1790919479,26102597,1716
39274,1790918135,1790919479,26102597,1344
39275,1790918531,1790919479,26102597,948
39276,1790918903,1790919479,26102597,576
39277,1790919299,1790921531,26102768,2232
39278,1790919671,1790921531,26102768,1860
39279,1790920067,1790921531,26102768,1464
39280,1790920439,1790921531,26102768,1092
39281,1790920835,1790921531,26102768,696
39282,1790921207,1790923367,26102920,2160
39283,1790921591,1790923367,26102920,1776
39284,1790921975,1790923367,26102920,1392
39285,1790922359,1790923367,26102920,1008
39286,1790922743,1790923367,26102920,624
39287,1790923139,1790925383,26103088,2244
39288,1790923511,1790925383,26103088,1872
39289,1790923895,1790925383,26103088,1488
39290,1790924279,1790925383,26103088,1104
39291,1790924663,1790925383,26103088,720
39292,1790925047,1790927291,26103246,2244
39293,1790925431,1790927291,26103246,1860
39294,1790925815,1790927291,26103246,1476
39295,1790926199,1790927291,26103246,1092
39296,1790926583,1790927291,26103246,708
39297,1790926967,1790929223,26103406,2256
39298,1790927351,1790929223,26103406,1872
39299,1790927735,1790929223,26103406,1488
39300,1790928119,1790929223,26103406,1104
39301,1790928503,1790929223,26103406,720
39302,1790928887,1790931095,26103562,2208
39303,1790929283,1790931095,26103562,1812
39304,1790929655,1790931095,26103562,1440
39305,1790930039,1790931095,26103562,1056
39306,1790930423,1790931095,26103562,672
39307,1790930807,1790933051,26103724,2244
39308,1790931191,1790933051,26103724,1860
39309,1790931575,1790933051,26103724,1476
39310,1790931959,1790933051,26103724,1092
39311,1790932343,1790933051,26103724,708
39312,1790932727,1790934959,26103883,2232
39313,1790933123,1790934959,26103883,1836
39314,1790933507,1790934959,26103883,1452
39315,1790933891,1790934959,26103883,1068
39316,1790934263,1790934959,26103883,696
39317,1790934647,1790936879,26104042,2232
39318,1790935031,1790936879,26104042,1848
39319,1790935415,1790936879,26104042,1464
39320,1790935799,1790936879,26104042,1080
39321,1790936183,1790936879,26104042,696
39322,1790936567,1790938763,26104197,2196
39323,1790936963,1790938763,26104197,1800
39324,1790937335,1790938763,26104197,1428
39325,1790937719,1790938763,26104197,1044
39326,1790938103,1790938763,26104197,660
39327,1790938487,1790940719,26104359,2232
39328,1790938871,1790940719,26104359,1848
39329,1790939255,1790940719,26104359,1464
39330,1790939639,1790940719,26104359,1080
39331,1790940023,1790940719,26104359,696
39332,1790940419,1790942651,26104520,2232
39333,1790940791,1790942651,26104520,1860
39334,1790941175,1790942651,26104520,1476
39335,1790941571,1790942651,26104520,1080
39336,1790941943,1790942651,26104520,708
39337,1790942327,1790944847,26104703,2520
39338,1790942711,1790944847,26104703,2136
39339,1790943095,1790944847,26104703,1752
39340,1790943479,1790944847,26104703,1368
39341,1790943863,1790944847,26104703,984
39342,1790944259,1790946503,26104838,2244
39343,1790944631,1790946503,26104838,1872
39344,1790945015,1790946503,26104838,1488
39345,1790945399,1790946503,26104838,1104
39346,1790945783,1790946503,26104838,720
39347,1790946167,1790948579,26105010,2412
39348,1790946563,1790948579,26105010,2016
39349,1790946935,1790948579,26105010,1644
39350,1790947319,1790948579,26105010,1260
39351,1790947715,1790948579,26105010,864
39352,1790948087,1790950499,26105170,2412
39353,1790948483,1790950499,26105170,2016
39354,1790948867,1790950499,26105170,1632
39355,1790949239,1790950499,26105170,1260
39356,1790949623,1790950499,26105170,876
39357,1790950007,1790952263,26105316,2256
39358,1790950391,1790952263,26105316,1872
39359,1790950775,1790952263,26105316,1488
39360,1790951159,1790952263,26105316,1104
39361,1790951543,1790952263,26105316,720
39362,1790951927,1790954099,26105468,2172
39363,1790952311,1790954099,26105468,1788
39364,1790952695,1790954099,26105468,1404
39365,1790953079,1790954099,26105468,1020
39366,1790953463,1790954099,26105468,636
39367,1790953847,1790956091,26105634,2244
39368,1790954231,1790956091,26105634,1860
39369,1790954615,1790956091,26105634,1476
39370,1790954999,1790956091,26105634,1092
39371,1790955383,1790956091,26105634,708
39372,1790955767,1790958107,26105800,2340
39373,1790956151,1790958107,26105800,1956
39374,1790956535,1790958107,26105800,1572
39375,1790956919,1790958107,26105800,1188
39376,1790957303,1790958107,26105800,804
39377,1790957687,1790959931,26105951,2244
39378,1790958071,1790959931,26105951,1860
39379,1790958455,1790959931,26105951,1476
39380,1790958839,1790959931,26105951,1092
39381,1790959223,1790959931,26105951,708
39382,1790959607,1790961755,26106102,2148
39383,1790959991,1790961755,26106102,1764
39384,1790960375,1790961755,26106102,1380
39385,1790960759,1790961755,26106102,996
39386,1790961143,1790961755,26106102,612
39387,1790961527,1790963759,26106269,2232
39388,1790961911,1790963759,26106269,1848
39389,1790962295,1790963759,26106269,1464
39390,1790962679,1790963759,26106269,1080
39391,1790963063,1790963759,26106269,696
39392,1790963447,1790965739,26106434,2292
39393,1790963831,1790965739,26106434,1908
39394,1790964215,1790965739,26106434,1524
39395,1790964599,1790965739,26106434,1140
39396,1790964983,1790965739,26106434,756
39397,1790965367,1790967815,26106605,2448
39398,1790965751,1790967815,26106605,2064
39399,1790966135,1790967815,26106605,1680
39400,1790966519,1790967815,26106605,1296
39401,1790966903,1790967815,26106605,912
39402,1790967287,1790969459,26106741,2172
39403,1790967671,1790969459,26106741,1788
39404,1790968055,1790969459,26106741,1404
39405,1790968439,1790969459,26106741,1020
39406,1790968823,1790969459,26106741,636
39407,1790969207,1790971967,26106949,2760
39408,1790969591,1790971967,26106949,2376
39409,1790969975,1790971967,26106949,1992
39410,1790970359,1790971967,26106949,1608
39411,1790970743,1790971967,26106949,1224
39412,1790971127,1790973299,26107060,2172
39413,1790971511,1790973299,26107060,1788
39414,1790971895,1790973299,26107060,1404
39415,1790972279,1790973299,26107060,1020
39416,1790972663,1790973299,26107060,636
39417,1790973047,1790975303,26107226,2256
39418,1790973431,1790975303,26107226,1872
39419,1790973815,1790975303,26107226,1488
39420,1790974199,1790975303,26107226,1104
39421,1790974583,1790975303,26107226,720
39422,1790974967,1790977199,26107384,2232
39423,1790975351,1790977199,26107384,1848
39424,1790975735,1790977199,26107384,1464
39425,1790976119,1790977199,26107384,1080
39426,1790976503,1790977199,26107384,696
39427,1790976887,1790979047,26107537,2160
39428,1790977271,1790979047,26107537,1776
39429,1790977655,1790979047,26107537,1392
39430,1790978039,1790979047,26107537,1008
39431,1790978423,1790979047,26107537,624
39432,1790978807,1790980979,26107698,2172
39433,1790979191,1790980979,26107698,1788
39434,1790979575,1790980979,26107698,1404
39435,1790979959,1790980979,26107698,1020
39436,1790980343,1790980979,26107698,636
39437,1790980727,1790982959,26107861,2232
39438,1790981123,1790982959,26107861,1836
39439,1790981495,1790982959,26107861,1464
39440,1790981879,1790982959,26107861,1080
39441,1790982263,1790982959,26107861,696
39442,1790982647,1790984831,26108017,2184
39443,1790983043,1790984831,26108017,1788
39444,1790983415,1790984831,26108017,1416
39445,1790983799,1790984831,26108017,1032
39446,1790984183,1790984831,26108017,648
39447,1790984567,1790986739,26108176,2172
39448,1790984951,1790986739,26108176,1788
39449,1790985335,1790986739,26108176,1404
39450,1790985719,1790986739,26108176,1020
39451,1790986103,1790986739,26108176,636
39452,1790986499,1790988683,26108338,2184
39453,1790986871,1790988683,26108338,1812
39454,1790987255,1790988683,26108338,1428
39455,1790987639,1790988683,26108338,1044
39456,1790988023,1790988683,26108338,660
39457,1790988407,1790990591,26108495,2184
39458,1790988791,1790990591,26108495,1800
39459,1790989175,1790990591,26108495,1416
39460,1790989559,1790990591,26108495,1032
39461,1790989943,1790990591,26108495,648
39462,1790990339,1790992547,26108657,2208
39463,1790990711,1790992547,26108657,1836
39464,1790991095,1790992547,26108657,1452
39465,1790991479,1790992547,26108657,1068
39466,1790991863,1790992547,26108657,684
39467,1790992247,1790994479,26108817,2232
39468,1790992631,1790994479,26108817,1848
39469,1790993015,1790994479,26108817,1464
39470,1790993399,1790994479,26108817,1080
39471,1790993795,1790994479,26108817,684
39472,1790994167,1790996339,26108972,2172
39473,1790994551,1790996339,26108972,1788
39474,1790994935,1790996339,26108972,1404
39475,1790995319,1790996339,26108972,1020
39476,1790995703,1790996339,26108972,636
39477,1790996087,1790998307,26109136,2220
39478,1790996471,1790998307,26109136,1836
39479,1790996855,1790998307,26109136,1452
39480,1790997239,1790998307,26109136,1068
39481,1790997623,1790998307,26109136,684
39482,1790998007,1791000143,26109289,2136
39483,1790998391,1791000143,26109289,1752
39484,1790998775,1791000143,26109289,1368
39485,1790999171,1791000143,26109289,972
39486,1790999543,1791000143,26109289,600
39487,1790999927,1791002147,26109456,2220
39488,1791000311,1791002147,26109456,1836
39489,1791000707,1791002147,26109456,1440
39490,1791001079,1791002147,26109456,1068
39491,1791001475,1791002147,26109456,672
39492,1791001847,1791004079,26109617,2232
39493,1791002243,1791004079,26109617,1836
39494,1791002627,1791004079,26109617,1452
39495,1791002999,1791004079,26109617,1080
39496,1791003395,1791004079,26109617,684
39497,1791003767,1791005939,26109771,2172
39498,1791004151,1791005939,26109771,1788
39499,1791004535,1791005939,26109771,1404
39500,1791004919,1791005939,26109771,1020
39501,1791005315,1791005939,26109771,624
39502,1791005687,1791007907,26109934,2220
39503,1791006071,1791007907,26109934,1836
39504,1791006455,1791007907,26109934,1452
39505,1791006839,1791007907,26109934,1068
39506,1791007223,1791007907,26109934,684
39507,1791007607,1791009791,26110091,2184
39508,1791007991,1791009791,26110091,1800
39509,1791008375,1791009791,26110091,1416
39510,1791008759,1791009791,26110091,1032
39511,1791009155,1791009791,26110091,636
39512,1791009527,1791011879,26110264,2352
39513,1791009911,1791011879,26110264,1968
39514,1791010295,1791011879,26110264,1584
39515,1791010679,1791011879,26110264,1200
39516,1791011063,1791011879,26110264,816
39517,1791011447,1791013811,26110424,2364
39518,1791011831,1791013811,26110424,1980
39519,1791012215,1791013811,26110424,1596
39520,1791012599,1791013811,26110424,1212
39521,1791012983,1791013811,26110424,828
39522,1791013367,1791015491,26110564,2124
39523,1791013751,1791015491,26110564,1740
39524,1791014147,1791015491,26110564,1344
39525,1791014519,1791015491,26110564,972
39526,1791014903,1791015491,26110564,588
39527,1791015287,1791017495,26110731,2208
39528,1791015683,1791017495,26110731,1812
39529,1791016055,1791017495,26110731,1440
39530,1791016439,1791017495,26110731,1056
39531,1791016823,1791017495,26110731,672
39532,1791017207,1791019463,26110894,2256
39533,1791017591,1791019463,26110894,1872
39534,1791017975,1791019463,26110894,1488
39535,1791018359,1791019463,26110894,1104
39536,1791018743,1791019463,26110894,720
39537,1791019127,1791021527,26111066,2400
39538,1791019511,1791021527,26111066,2016
39539,1791019907,1791021527,26111066,1620
39540,1791020279,1791021527,26111066,1248
39541,1791020663,1791021527,26111066,864
39542,1791021047,1791023255,26111210,2208
39543,1791021443,1791023255,26111210,1812
39544,1791021815,1791023255,26111210,1440
39545,1791022199,1791023255,26111210,1056
39546,1791022583,1791023255,26111210,672
39547,1791022967,1791025211,26111372,2244
39548,1791023351,1791025211,26111372,1860
39549,1791023735,1791025211,26111372,1476
39550,1791024119,1791025211,26111372,1092
39551,1791024503,1791025211,26111372,708
39552,1791024887,1791027071,26111527,2184
39553,1791025283,1791027071,26111527,1788
39554,1791025655,1791027071,26111527,1416
39555,1791026039,1791027071,26111527,1032
39556,1791026435,1791027071,26111527,636
39557,1791026807,1791029195,26111704,2388
39558,1791027191,1791029195,26111704,2004
39559,1791027575,1791029195,26111704,1620
39560,1791027959,1791029195,26111704,1236
39561,1791028343,1791029195,26111704,852
39562,1791028727,1791030923,26111848,2196
39563,1791029123,1791030923,26111848,1800
39564,1791029507,1791030923,26111848,1416
39565,1791029879,1791030923,26111848,1044
39566,1791030263,1791030923,26111848,660
39567,1791030647,1791032795,26112003,2148
39568,1791031031,1791032795,26112003,1764
39569,1791031415,1791032795,26112003,1380
39570,1791031799,1791032795,26112003,996
39571,1791032183,1791032795,26112003,612
39572,1791032579,1791034739,26112165,2160
39573,1791032963,1791034739,26112165,1776
39574,1791033335,1791034739,26112165,1404
39575,1791033719,1791034739,26112165,1020
39576,1791034103,1791034739,26112165,636
39577,1791034487,1791036719,26112329,2232
39578,1791034871,1791036719,26112329,1848
39579,1791035255,1791036719,26112329,1464
39580,1791035639,1791036719,26112329,1080
39581,1791036023,1791036719,26112329,696
39582,1791036407,1791038579,26112483,2172
39583,1791036791,1791038579,26112483,1788
39584,1791037175,1791038579,26112483,1404
39585,1791037559,1791038579,26112483,1020
39586,1791037943,1791038579,26112483,636
39587,1791038327,1791040511,26112643,2184
39588,1791038711,1791040511,26112643,1800
39589,1791039095,1791040511,26112643,1416
39590,1791039479,1791040511,26112643,1032
39591,1791039863,1791040511,26112643,648
39592,1791040247,1791042431,26112803,2184
39593,1791040631,1791042431,26112803,1800
39594,1791041015,1791042431,26112803,1416
39595,1791041399,1791042431,26112803,1032
39596,1791041783,1791042431,26112803,648
39597,1791042167,1791044375,26112964,2208
39598,1791042551,1791044375,26112964,1824
39599,1791042935,1791044375,26112964,1440
39600,1791043319,1791044375,26112964,1056
39601,1791043703,1791044375,26112964,672
39602,1791044087,1791046391,26113132,2304
39603,1791044471,1791046391,26113132,1920
39604,1791044855,1791046391,26113132,1536
39605,1791045239,1791046391,26113132,1152
39606,1791045623,1791046391,26113132,768
39607,1791046007,1791048455,26113303,2448
39608,1791046391,1791048455,26113303,2064
39609,1791046775,1791048455,26113303,1680
39610,1791047171,1791048455,26113303,1284
39611,1791047543,1791048455,26113303,912
39612,1791047927,1791050279,26113455,2352
39613,1791048311,1791050279,26113455,1968
39614,1791048695,1791050279,26113455,1584
39615,1791049079,1791050279,26113455,1200
39616,1791049463,1791050279,26113455,816
39617,1791049847,1791052307,26113622,2460
39618,1791050231,1791052307,26113622,2076
39619,1791050615,1791052307,26113622,1692
39620,1791050999,1791052307,26113622,1308
39621,1791051383,1791052307,26113622,924
39622,1791051767,1791054203,26113779,2436
39623,1791052151,1791054203,26113779,2052
39624,1791052535,1791054203,26113779,1668
39625,1791052919,1791054203,26113779,1284
39626,1791053303,1791054203,26113779,900
39627,1791053687,1791056123,26113939,2436
39628,1791054071,1791056123,26113939,2052
39629,1791054455,1791056123,26113939,1668
39630,1791054839,1791056123,26113939,1284
39631,1791055223,1791056123,26113939,900
39632,1791055607,1791058139,26114107,2532
39633,1791055991,1791058139,26114107,2148
39634,1791056375,1791058139,26114107,1764
39635,1791056759,1791058139,26114107,1380
39636,1791057143,1791058139,26114107,996
39637,1791057527,1791059843,26114249,2316
39638,1791057911,1791059843,26114249,1932
39639,1791058295,1791059843,26114249,1548
39640,1791058679,1791059843,26114249,1164
39641,1791059063,1791059843,26114249,780
39642,1791059447,1791061643,26114399,2196
39643,1791059831,1791061643,26114399,1812
39644,1791060215,1791061643,26114399,1428
39645,1791060599,1791061643,26114399,1044
39646,1791060983,1791061643,26114399,660
39647,1791061367,1791063515,26114555,2148
39648,1791061751,1791063515,26114555,1764
39649,1791062135,1791063515,26114555,1380
39650,1791062519,1791063515,26114555,996
39651,1791062903,1791063515,26114555,612
39652,1791063287,1791065855,26114749,2568
39653,1791063671,1791065855,26114749,2184
39654,1791064055,1791065855,26114749,1800
39655,1791064439,1791065855,26114749,1416
39656,1791064823,1791065855,26114749,1032
39657,1791065207,1791067367,26114875,2160
39658,1791065591,1791067367,26114875,1776
39659,1791065975,1791067367,26114875,1392
39660,1791066359,1791067367,26114875,1008
39661,1791066743,1791067367,26114875,624
39662,1791067127,1791069383,26115043,2256
39663,1791067511,1791069383,26115043,1872
39664,1791067895,1791069383,26115043,1488
39665,1791068279,1791069383,26115043,1104
39666,1791068663,1791069383,26115043,720
39667,1791069059,1791071219,26115195,2160
39668,1791069431,1791071219,26115195,1788
39669,1791069815,1791071219,26115195,1404
39670,1791070199,1791071219,26115195,1020
39671,1791070583,1791071219,26115195,636
39672,1791070967,1791073235,26115363,2268
39673,1791071351,1791073235,26115363,1884
39674,1791071735,1791073235,26115363,1500
39675,1791072119,1791073235,26115363,1116
39676,1791072503,1791073235,26115363,732
39677,1791072887,1791075047,26115514,2160
39678,1791073271,1791075047,26115514,1776
39679,1791073655,1791075047,26115514,1392
39680,1791074039,1791075047,26115514,1008
39681,1791074423,1791075047,26115514,624
39682,1791074807,1791077075,26115682,2268
39683,1791075191,1791077075,26115682,1884
39684,1791075575,1791077075,26115682,1500
39685,1791075959,1791077075,26115682,1116
39686,1791076343,1791077075,26115682,732
39687,1791076727,1791079055,26115846,2328
39688,1791077111,1791079055,26115846,1944
39689,1791077495,1791079055,26115846,1560
39690,1791077891,1791079055,26115846,1164
39691,1791078263,1791079055,26115846,792
39692,1791078647,1791080939,26116003,2292
39693,1791079031,1791080939,26116003,1908
39694,1791079415,1791080939,26116003,1524
39695,1791079799,1791080939,26116003,1140
39696,1791080183,1791080939,26116003,756
39697,1791080567,1791082847,26116162,2280
39698,1791080951,1791082847,26116162,1896
39699,1791081335,1791082847,26116162,1512
39700,1791081719,1791082847,26116162,1128
39701,1791082103,1791082847,26116162,744
39702,1791082487,1791084827,26116327,2340
39703,1791082871,1791084827,26116327,1956
39704,1791083255,1791084827,26116327,1572
39705,1791083639,1791084827,26116327,1188
39706,1791084023,1791084827,26116327,804
39707,1791084407,1791086579,26116472,2172
39708,1791084791,1791086579,26116472,1788
39709,1791085175,1791086579,26116472,1404
39710,1791085571,1791086579,26116472,1008
39711,1791085943,1791086579,26116472,636
39712,1791086327,1791088619,26116641,2292
39713,1791086711,1791088619,26116641,1908
39714,1791087095,1791088619,26116641,1524
39715,1791087479,1791088619,26116641,1140
39716,1791087863,1791088619,26116641,756
39717,1791088247,1791090659,26116811,2412
39718,1791088631,1791090659,26116811,2028
39719,1791089015,1791090659,26116811,1644
39720,1791089411,1791090659,26116811,1248
39721,1791089783,1791090659,26116811,876
39722,1791090167,1791092471,26116962,2304
39723,1791090551,1791092471,26116962,1920
39724,1791090935,1791092471,26116962,1536
39725,1791091331,1791092471,26116962,1140
39726,1791091703,1791092471,26116962,768
39727,1791092087,1791094451,26117126,2364
39728,1791092471,1791094451,26117126,1980
39729,1791092855,1791094451,26117126,1596
39730,1791093239,1791094451,26117126,1212
39731,1791093623,1791094451,26117126,828
39732,1791094007,1791096143,26117267,2136
39733,1791094403,1791096143,26117267,1740
39734,1791094775,1791096143,26117267,1368
39735,1791095171,1791096143,26117267,972
39736,1791095543,1791096143,26117267,600
39737,1791095927,1791098147,26117434,2220
39738,1791096323,1791098147,26117434,1824
39739,1791096695,1791098147,26117434,1452
39740,1791097091,1791098147,26117434,1056
39741,1791097463,1791098147,26117434,684
39742,1791097847,1791100103,26117597,2256
39743,1791098231,1791100103,26117597,1872
39744,1791098615,1791100103,26117597,1488
39745,1791098999,1791100103,26117597,1104
39746,1791099383,1791100103,26117597,720
39747,1791099767,1791102035,26117756,2268
39748,1791100151,1791102035,26117756,1884
39749,1791100547,1791102035,26117756,1488
39750,1791100919,1791102035,26117756,1116
39751,1791101303,1791102035,26117756,732
39752,1791101687,1791103907,26117911,2220
39753,1791102071,1791103907,26117911,1836
39754,1791102455,1791103907,26117911,1452
39755,1791102839,1791103907,26117911,1068
39756,1791103223,1791103907,26117911,684
39757,1791103607,1791105827,26118071,2220
39758,1791103991,1791105827,26118071,1836
39759,1791104375,1791105827,26118071,1452
39760,1791104759,1791105827,26118071,1068
39761,1791105143,1791105827,26118071,684
39762,1791105527,1791107759,26118231,2232
39763,1791105911,1791107759,26118231,1848
39764,1791106295,1791107759,26118231,1464
39765,1791106679,1791107759,26118231,1080
39766,1791107063,1791107759,26118231,696
39767,1791107459,1791109727,26118394,2268
39768,1791107831,1791109727,26118394,1896
39769,1791108215,1791109727,26118394,1512
39770,1791108599,1791109727,26118394,1128
39771,1791108983,1791109727,26118394,744
39772,1791109367,1791111587,26118547,2220
39773,1791109751,1791111587,26118547,1836
39774,1791110135,1791111587,26118547,1452
39775,1791110519,1791111587,26118547,1068
39776,1791110903,1791111587,26118547,684
39777,1791111287,1791113471,26118704,2184
39778,1791111671,1791113471,26118704,1800
39779,1791112067,1791113471,26118704,1404
39780,1791112439,1791113471,26118704,1032
39781,1791112823,1791113471,26118704,648
39782,1791113207,1791115403,26118865,2196
39783,1791113591,1791115403,26118865,1812
39784,1791113975,1791115403,26118865,1428
39785,1791114359,1791115403,26118865,1044
39786,1791114755,1791115403,26118865,648
39787,1791115127,1791117371,26119029,2244
39788,1791115511,1791117371,26119029,1860
39789,1791115895,1791117371,26119029,1476
39790,1791116279,1791117371,26119029,1092
39791,1791116663,1791117371,26119029,708
39792,1791117047,1791119375,26119196,2328
39793,1791117431,1791119375,26119196,1944
39794,1791117815,1791119375,26119196,1560
39795,1791118199,1791119375,26119196,1176
39796,1791118583,1791119375,26119196,792
39797,1791118967,1791121403,26119364,2436
39798,1791119351,1791121403,26119364,2052
39799,1791119735,1791121403,26119364,1668
39800,1791120119,1791121403,26119364,1284
39801,1791120503,1791121403,26119364,900
39802,1791120887,1791123335,26119525,2448
39803,1791121271,1791123335,26119525,2064
39804,1791121655,1791123335,26119525,1680
39805,1791122039,1791123335,26119525,1296
39806,1791122423,1791123335,26119525,912
39807,1791122807,1791125291,26119688,2484
39808,1791123191,1791125291,26119688,2100
39809,1791123575,1791125291,26119688,1716
39810,1791123959,1791125291,26119688,1332
39811,1791124343,1791125291,26119688,948
39812,1791124727,1791127487,26119871,2760
39813,1791125111,1791127487,26119871,2376
39814,1791125495,1791127487,26119871,1992
39815,1791125879,1791127487,26119871,1608
39816,1791126263,1791127487,26119871,1224
39817,1791126647,1791128975,26119995,2328
39818,1791127031,1791128975,26119995,1944
39819,1791127415,1791128975,26119995,1560
39820,1791127799,1791128975,26119995,1176
39821,1791128183,1791128975,26119995,792
39822,1791128579,1791130895,26120154,2316
39823,1791128951,1791130895,26120154,1944
39824,1791129335,1791130895,26120154,1560
39825,1791129731,1791130895,26120154,1164
39826,1791130103,1791130895,26120154,792
39827,1791130487,1791132707,26120304,2220
39828,1791130871,1791132707,26120304,1836
39829,1791131267,1791132707,26120304,1440
39830,1791131639,1791132707,26120304,1068
39831,1791132023,1791132707,26120304,684
39832,1791132407,1791134723,26120472,2316
39833,1791132791,1791134723,26120472,1932
39834,1791133175,1791134723,26120472,1548
39835,1791133559,1791134723,26120472,1164
39836,1791133943,1791134723,26120472,780
39837,1791134327,1791136703,26120636,2376
39838,1791134711,1791136703,26120636,1992
39839,1791135095,1791136703,26120636,1608
39840,1791135479,1791136703,26120636,1224
39841,1791135863,1791136703,26120636,840
39842,1791136247,1791138407,26120777,2160
39843,1791136631,1791138407,26120777,1776
39844,1791137015,1791138407,26120777,1392
39845,1791137399,1791138407,26120777,1008
39846,1791137783,1791138407,26120777,624
39847,1791138167,1791140459,26120947,2292
39848,1791138551,1791140459,26120947,1908
39849,1791138935,1791140459,26120947,1524
39850,1791139319,1791140459,26120947,1140
39851,1791139703,1791140459,26120947,756
39852,1791140087,1791142391,26121108,2304
39853,1791140471,1791142391,26121108,1920
39854,1791140855,1791142391,26121108,1536
39855,1791141239,1791142391,26121108,1152
39856,1791141623,1791142391,26121108,768
39857,1791142007,1791144455,26121280,2448
39858,1791142391,1791144455,26121280,2064
39859,1791142787,1791144455,26121280,1668
39860,1791143159,1791144455,26121280,1296
39861,1791143555,1791144455,26121280,900
39862,1791143927,1791146135,26121418,2208
39863,1791144311,1791146135,26121418,1824
39864,1791144695,1791146135,26121418,1440
39865,1791145079,1791146135,26121418,1056
39866,1791145463,1791146135,26121418,672
39867,1791145847,1791148115,26121583,2268
39868,1791146231,1791148115,26121583,1884
39869,1791146615,1791148115,26121583,1500
39870,1791146999,1791148115,26121583,1116
39871,1791147383,1791148115,26121583,732
39872,1791147767,1791150107,26121748,2340
39873,1791148151,1791150107,26121748,1956
39874,1791148535,1791150107,26121748,1572
39875,1791148931,1791150107,26121748,1176
39876,1791149303,1791150107,26121748,804
39877,1791149687,1791152063,26121911,2376
39878,1791150071,1791152063,26121911,1992
39879,1791150455,1791152063,26121911,1608
39880,1791150839,1791152063,26121911,1224
39881,1791151235,1791152063,26121911,828
39882,1791151619,1791153827,26122058,2208
39883,1791151991,1791153827,26122058,1836
39884,1791152375,1791153827,26122058,1452
39885,1791152771,1791153827,26122058,1056
39886,1791153143,1791153827,26122058,684
39887,1791153527,1791155867,26122228,2340
39888,1791153911,1791155867,26122228,1956
39889,1791154295,1791155867,26122228,1572
39890,1791154679,1791155867,26122228,1188
39891,1791155063,1791155867,26122228,804
39892,1791155447,1791157787,26122388,2340
39893,1791155831,1791157787,26122388,1956
39894,1791156215,1791157787,26122388,1572
39895,1791156599,1791157787,26122388,1188
39896,1791156983,1791157787,26122388,804
39897,1791157367,1791159659,26122543,2292
39898,1791157751,1791159659,26122543,1908
39899,1791158135,1791159659,26122543,1524
39900,1791158519,1791159659,26122543,1140
39901,1791158903,1791159659,26122543,756
39902,1791159287,1791161543,26122700,2256
39903,1791159671,1791161543,26122700,1872
39904,1791160055,1791161543,26122700,1488
39905,1791160451,1791161543,26122700,1092
39906,1791160835,1791161543,26122700,708
39907,1791161207,1791163487,26122862,2280
39908,1791161591,1791163487,26122862,1896
39909,1791161987,1791163487,26122862,1500
39910,1791162359,1791163487,26122862,1128
39911,1791162743,1791163487,26122862,744
39912,1791163127,1791165311,26123014,2184
39913,1791163511,1791165311,26123014,1800
39914,1791163895,1791165311,26123014,1416
39915,1791164279,1791165311,26123014,1032
39916,1791164663,1791165311,26123014,648
39917,1791165047,1791167291,26123179,2244
39918,1791165431,1791167291,26123179,1860
39919,1791165815,1791167291,26123179,1476
39920,1791166199,1791167291,26123179,1092
39921,1791166583,1791167291,26123179,708
39922,1791166967,1791169139,26123333,2172
39923,1791167351,1791169139,26123333,1788
39924,1791167735,1791169139,26123333,1404
39925,1791168119,1791169139,26123333,1020
39926,1791168503,1791169139,26123333,636
39927,1791168887,1791171095,26123496,2208
39928,1791169271,1791171095,26123496,1824
39929,1791169655,1791171095,26123496,1440
39930,1791170039,1791171095,26123496,1056
39931,1791170423,1791171095,26123496,672
39932,1791170807,1791172967,26123652,2160
39933,1791171191,1791172967,26123652,1776
39934,1791171575,1791172967,26123652,1392
39935,1791171971,1791172967,26123652,996
39936,1791172343,1791172967,26123652,624
39937,1791172727,1791174983,26123819,2256
39938,1791173111,1791174983,26123819,1872
39939,1791173495,1791174983,26123819,1488
39940,1791173879,1791174983,26123819,1104
39941,1791174263,1791174983,26123819,720
39942,1791174647,1791176987,26123985,2340
39943,1791175031,1791176987,26123985,1956
39944,1791175415,1791176987,26123985,1572
39945,1791175799,1791176987,26123985,1188
39946,1791176183,1791176987,26123985,804
39947,1791176567,1791178835,26124138,2268
39948,1791176963,1791178835,26124138,1872
39949,1791177335,1791178835,26124138,1500
39950,1791177719,1791178835,26124138,1116
39951,1791178103,1791178835,26124138,732
39952,1791178487,1791180707,26124294,2220
39953,1791178871,1791180707,26124294,1836
39954,1791179255,1791180707,26124294,1452
39955,1791179639,1791180707,26124294,1068
39956,1791180035,1791180707,26124294,672
39957,1791180407,1791182639,26124454,2232
39958,1791180791,1791182639,26124454,1848
39959,1791181187,1791182639,26124454,1452
39960,1791181559,1791182639,26124454,1080
39961,1791181943,1791182639,26124454,696
39962,1791182327,1791184715,26124627,2388
39963,1791182711,1791184715,26124627,2004
39964,1791183095,1791184715,26124627,1620
39965,1791183479,1791184715,26124627,1236
39966,1791183863,1791184715,26124627,852
39967,1791184247,1791186479,26124772,2232
39968,1791184631,1791186479,26124772,1848
39969,1791185015,1791186479,26124772,1464
39970,1791185399,1791186479,26124772,1080
39971,1791185783,1791186479,26124772,696
39972,1791186167,1791188507,26124940,2340
39973,1791186551,1791188507,26124940,1956
39974,1791186947,1791188507,26124940,1560
39975,1791187319,1791188507,26124940,1188
39976,1791187703,1791188507,26124940,804
39977,1791188087,1791190295,26125089,2208
39978,1791188471,1791190295,26125089,1824
39979,1791188855,1791190295,26125089,1440
39980,1791189239,1791190295,26125089,1056
39981,1791189623,1791190295,26125089,672
39982,1791190019,1791192227,26125250,2208
39983,1791190391,1791192227,26125250,1836
39984,1791190775,1791192227,26125250,1452
39985,1791191159,1791192227,26125250,1068
39986,1791191543,1791192227,26125250,684
39987,1791191927,1791194303,26125422,2376
39988,1791192311,1791194303,26125422,1992
39989,1791192695,1791194303,26125422,1608
39990,1791193079,1791194303,26125422,1224
39991,1791193463,1791194303,26125422,840
39992,1791193847,1791196307,26125589,2460
39993,1791194231,1791196307,26125589,2076
39994,1791194615,1791196307,26125589,1692
39995,1791194999,1791196307,26125589,1308
39996,1791195383,1791196307,26125589,924
39997,1791195767,1791198071,26125736,2304
39998,1791196151,1791198071,26125736,1920
39999,1791196619,1791198071,26125736,1452
40000,1791197003,1791198071,26125736,1068
40001,1791197387,1791198071,26125736,684
40002,1791197771,1791200075,26125901,2304
40003,1791198083,1791200075,26125901,1992
40004,1791198455,1791200075,26125901,1620
40005,1791198839,1791200075,26125901,1236
40006,1791199223,1791200075,26125901,852
40007,1791199607,1791201971,26126057,2364
40008,1791199991,1791201971,26126057,1980
40009,1791200387,1791201971,26126057,1584
40010,1791200759,1791201971,26126057,1212
40011,1791201143,1791201971,26126057,828
40012,1791201527,1791203759,26126205,2232
40013,1791201911,1791203759,26126205,1848
40014,1791202295,1791203759,26126205,1464
40015,1791202679,1791203759,26126205,1080
40016,1791203063,1791203759,26126205,696
40017,1791203447,1791205739,26126370,2292
40018,1791203831,1791205739,26126370,1908
40019,1791204215,1791205739,26126370,1524
40020,1791204599,1791205739,26126370,1140
40021,1791204983,1791205739,26126370,756
40022,1791205367,1791207623,26126524,2256
40023,1791205751,1791207623,26126524,1872
40024,1791206135,1791207623,26126524,1488
40025,1791206519,1791207623,26126524,1104
40026,1791206903,1791207623,26126524,720
40027,1791207287,1791209531,26126682,2244
40028,1791207671,1791209531,26126682,1860
40029,1791208055,1791209531,26126682,1476
40030,1791208439,1791209531,26126682,1092
40031,1791208823,1791209531,26126682,708
40032,1791209219,1791211727,26126864,2508
40033,1791209591,1791211727,26126864,2136
40034,1791209975,1791211727,26126864,1752
40035,1791210359,1791211727,26126864,1368
40036,1791210743,1791211727,26126864,984
40037,1791211127,1791213515,26127013,2388
40038,1791211511,1791213515,26127013,2004
40039,1791211895,1791213515,26127013,1620
40040,1791212279,1791213515,26127013,1236
40041,1791212663,1791213515,26127013,852
40042,1791213047,1791215471,26127176,2424
40043,1791213431,1791215471,26127176,2040
40044,1791213815,1791215471,26127176,1656
40045,1791214199,1791215471,26127176,1272
40046,1791214595,1791215471,26127176,876
40047,1791214967,1791217235,26127323,2268
40048,1791215351,1791217235,26127323,1884
40049,1791215735,1791217235,26127323,1500
40050,1791216119,1791217235,26127323,1116
40051,1791216503,1791217235,26127323,732
40052,1791216887,1791219107,26127478,2220
40053,1791217271,1791219107,26127478,1836
40054,1791217655,1791219107,26127478,1452
40055,1791218039,1791219107,26127478,1068
40056,1791218423,1791219107,26127478,684
40057,1791218807,1791221687,26127692,2880
40058,1791219191,1791221687,26127692,2496
40059,1791219575,1791221687,26127692,2112
40060,1791219959,1791221687,26127692,1728
40061,1791220343,1791221687,26127692,1344
40062,1791220727,1791223271,26127824,2544
40063,1791221123,1791223271,26127824,2148
40064,1791221495,1791223271,26127824,1776
40065,1791221879,1791223271,26127824,1392
40066,1791222263,1791223271,26127824,1008
40067,1791222647,1791225179,26127983,2532
40068,1791223031,1791225179,26127983,2148
40069,1791223415,1791225179,26127983,1764
40070,1791223799,1791225179,26127983,1380
40071,1791224183,1791225179,26127983,996
40072,1791224567,1791227111,26128144,2544
40073,1791224951,1791227111,26128144,2160
40074,1791225335,1791227111,26128144,1776
40075,1791225719,1791227111,26128144,1392
40076,1791226103,1791227111,26128144,1008
40077,1791226487,1791229151,26128313,2664
40078,1791226883,1791229151,26128313,2268
40079,1791227267,1791229151,26128313,1884
40080,1791227639,1791229151,26128313,1512
40081,1791228023,1791229151,26128313,1128
40082,1791228407,1791231131,26128478,2724
40083,1791228791,1791231131,26128478,2340
40084,1791229175,1791231131,26128478,1956
40085,1791229559,1791231131,26128478,1572
40086,1791229943,1791231131,26128478,1188
40087,1791230327,1791232595,26128600,2268
40088,1791230711,1791232595,26128600,1884
40089,1791231095,1791232595,26128600,1500
40090,1791231479,1791232595,26128600,1116
40091,1791231863,1791232595,26128600,732
40092,1791232259,1791234683,26128774,2424
40093,1791232631,1791234683,26128774,2052
40094,1791233015,1791234683,26128774,1668
40095,1791233399,1791234683,26128774,1284
40096,1791233795,1791234683,26128774,888
40097,1791234167,1791236327,26128911,2160
40098,1791234551,1791236327,26128911,1776
40099,1791234935,1791236327,26128911,1392
40100,1791235319,1791236327,26128911,1008
40101,1791235703,1791236327,26128911,624
40102,1791236087,1791238247,26129070,2160
40103,1791236471,1791238247,26129070,1776
40104,1791236855,1791238247,26129070,1392
40105,1791237239,1791238247,26129070,1008
40106,1791237623,1791238247,26129070,624
40107,1791238007,1791240167,26129230,2160
40108,1791238391,1791240167,26129230,1776
40109,1791238775,1791240167,26129230,1392
40110,1791239159,1791240167,26129230,1008
40111,1791239543,1791240167,26129230,624
40112,1791239927,1791242147,26129394,2220
40113,1791240311,1791242147,26129394,1836
40114,1791240695,1791242147,26129394,1452
40115,1791241079,1791242147,26129394,1068
40116,1791241463,1791242147,26129394,684
40117,1791241847,1791244043,26129551,2196
40118,1791242231,1791244043,26129551,1812
40119,1791242615,1791244043,26129551,1428
40120,1791243011,1791244043,26129551,1032
40121,1791243383,1791244043,26129551,660
40122,1791243767,1791245999,26129712,2232
40123,1791244151,1791245999,26129712,1848
40124,1791244535,1791245999,26129712,1464
40125,1791244919,1791245999,26129712,1080
40126,1791245303,1791245999,26129712,696
40127,1791245687,1791247847,26129866,2160
40128,1791246071,1791247847,26129866,1776
40129,1791246455,1791247847,26129866,1392
40130,1791246839,1791247847,26129866,1008
40131,1791247235,1791247847,26129866,612
40132,1791247607,1791249767,26130023,2160
40133,1791247991,1791249767,26130023,1776
40134,1791248375,1791249767,26130023,1392
40135,1791248771,1791249767,26130023,996
40136,1791249143,1791249767,26130023,624
40137,1791249527,1791251723,26130185,2196
40138,1791249911,1791251723,26130185,1812
40139,1791250295,1791251723,26130185,1428
40140,1791250679,1791251723,26130185,1044
40141,1791251063,1791251723,26130185,660
40142,1791251447,1791253631,26130342,2184
40143,1791251831,1791253631,26130342,1800
40144,1791252215,1791253631,26130342,1416
40145,1791252599,1791253631,26130342,1032
40146,1791252983,1791253631,26130342,648
40147,1791253379,1791255551,26130502,2172
40148,1791253751,1791255551,26130502,1800
40149,1791254135,1791255551,26130502,1416
40150,1791254519,1791255551,26130502,1032
40151,1791254903,1791255551,26130502,648
40152,1791255287,1791257471,26130662,2184
40153,1791255671,1791257471,26130662,1800
40154,1791256055,1791257471,26130662,1416
40155,1791256439,1791257471,26130662,1032
40156,1791256823,1791257471,26130662,648
40157,1791257207,1791259463,26130827,2256
40158,1791257591,1791259463,26130827,1872
40159,1791257975,1791259463,26130827,1488
40160,1791258359,1791259463,26130827,1104
40161,1791258755,1791259463,26130827,708
40162,1791259127,1791261395,26130988,2268
40163,1791259511,1791261395,26130988,1884
40164,1791259895,1791261395,26130988,1500
40165,1791260279,1791261395,26130988,1116
40166,1791260663,1791261395,26130988,732
40167,1791261047,1791263255,26131143,2208
40168,1791261431,1791263255,26131143,1824
40169,1791261815,1791263255,26131143,1440
40170,1791262199,1791263255,26131143,1056
40171,1791262583,1791263255,26131143,672
40172,1791262967,1791265175,26131303,2208
40173,1791263351,1791265175,26131303,1824
40174,1791263735,1791265175,26131303,1440
40175,1791264119,1791265175,26131303,1056
40176,1791264503,1791265175,26131303,672
40177,1791264887,1791267071,26131461,2184
40178,1791265271,1791267071,26131461,1800
40179,1791265655,1791267071,26131461,1416
40180,1791266051,1791267071,26131461,1020
40181,1791266423,1791267071,26131461,648
40182,1791266807,1791268991,26131620,2184
40183,1791267191,1791268991,26131620,1800
40184,1791267575,1791268991,26131620,1416
40185,1791267959,1791268991,26131620,1032
40186,1791268343,1791268991,26131620,648
40187,1791268727,1791270911,26131779,2184
40188,1791269111,1791270911,26131779,1800
40189,1791269495,1791270911,26131779,1416
40190,1791269879,1791270911,26131779,1032
40191,1791270263,1791270911,26131779,648
40192,1791270647,1791272855,26131941,2208
40193,1791271031,1791272855,26131941,1824
40194,1791271415,1791272855,26131941,1440
40195,1791271799,1791272855,26131941,1056
40196,1791272183,1791272855,26131941,672
40197,1791272567,1791274763,26132099,2196
40198,1791272951,1791274763,26132099,1812
40199,1791273335,1791274763,26132099,1428
40200,1791273719,1791274763,26132099,1044
40201,1791274103,1791274763,26132099,660
40202,1791274487,1791276683,26132258,2196
40203,1791274871,1791276683,26132258,1812
40204,1791275255,1791276683,26132258,1428
40205,1791275639,1791276683,26132258,1044
40206,1791276023,1791276683,26132258,660
40207,1791276407,1791278579,26132415,2172
40208,1791276791,1791278579,26132415,1788
40209,1791277175,1791278579,26132415,1404
40210,1791277559,1791278579,26132415,1020
40211,1791277943,1791278579,26132415,636
40212,1791278327,1791280571,26132577,2244
40213,1791278711,1791280571,26132577,1860
40214,1791279095,1791280571,26132577,1476
40215,1791279479,1791280571,26132577,1092
40216,1791279863,1791280571,26132577,708
40217,1791280247,1791282431,26132728,2184
40218,1791280631,1791282431,26132728,1800
40219,1791281039,1791282431,26132728,1392
40220,1791281399,1791282431,26132728,1032
40221,1791281783,1791282431,26132728,648
40222,1791282167,1791284351,26132888,2184
40223,1791282551,1791284351,26132888,1800
40224,1791282935,1791284351,26132888,1416
40225,1791283319,1791284351,26132888,1032
40226,1791283703,1791284351,26132888,648
40227,1791284087,1791286295,26133050,2208
40228,1791284471,1791286295,26133050,1824
40229,1791284855,1791286295,26133050,1440
40230,1791285239,1791286295,26133050,1056
40231,1791285623,1791286295,26133050,672
40232,1791286007,1791288203,26133209,2196
40233,1791286391,1791288203,26133209,1812
40234,1791286775,1791288203,26133209,1428
40235,1791287159,1791288203,26133209,1044
40236,1791287543,1791288203,26133209,660
40237,1791287927,1791290171,26133373,2244
40238,1791288311,1791290171,26133373,1860
40239,1791288695,1791290171,26133373,1476
40240,1791289079,1791290171,26133373,1092
40241,1791289463,1791290171,26133373,708
40242,1791289847,1791292019,26133526,2172
40243,1791290231,1791292019,26133526,1788
40244,1791290615,1791292019,26133526,1404
40245,1791290999,1791292019,26133526,1020
40246,1791291383,1791292019,26133526,636
40247,1791291767,1791293963,26133687,2196
40248,1791292151,1791293963,26133687,1812
40249,1791292535,1791293963,26133687,1428
40250,1791292919,1791293963,26133687,1044
40251,1791293303,1791293963,26133687,660
40252,1791293687,1791295871,26133844,2184
40253,1791294071,1791295871,26133844,1800
40254,1791294455,1791295871,26133844,1416
40255,1791294839,1791295871,26133844,1032
40256,1791295235,1791295871,26133844,636
40257,1791295607,1791297755,26134001,2148
40258,1791295991,1791297755,26134001,1764
40259,1791296375,1791297755,26134001,1380
40260,1791296759,1791297755,26134001,996
40261,1791297143,1791297755,26134001,612
40262,1791297527,1791299735,26134164,2208
40263,1791297923,1791299735,26134164,1812
40264,1791298295,1791299735,26134164,1440
40265,1791298679,1791299735,26134164,1056
40266,1791299063,1791299735,26134164,672
40267,1791299447,1791301691,26134327,2244
40268,1791299831,1791301691,26134327,1860
40269,1791300215,1791301691,26134327,1476
40270,1791300611,1791301691,26134327,1080
40271,1791300983,1791301691,26134327,708
40272,1791301367,1791303599,26134485,2232
40273,1791301751,1791303599,26134485,1848
40274,1791302135,1791303599,26134485,1464
40275,1791302519,1791303599,26134485,1080
40276,1791302903,1791303599,26134485,696
40277,1791303299,1791305495,26134643,2196
40278,1791303671,1791305495,26134643,1824
40279,1791304055,1791305495,26134643,1440
40280,1791304439,1791305495,26134643,1056
40281,1791304823,1791305495,26134643,672
40282,1791305207,1791307463,26134806,2256
40283,1791305591,1791307463,26134806,1872
40284,1791305987,1791307463,26134806,1476
40285,1791306359,1791307463,26134806,1104
40286,1791306743,1791307463,26134806,720
40287,1791307139,1791309359,26134964,2220
40288,1791307511,1791309359,26134964,1848
40289,1791307895,1791309359,26134964,1464
40290,1791308279,1791309359,26134964,1080
40291,1791308663,1791309359,26134964,696
40292,1791309047,1791311303,26135126,2256
40293,1791309431,1791311303,26135126,1872
40294,1791309815,1791311303,26135126,1488
40295,1791310199,1791311303,26135126,1104
40296,1791310583,1791311303,26135126,720
40297,1791310979,1791313223,26135286,2244
40298,1791311351,1791313223,26135286,1872
40299,1791311735,1791313223,26135286,1488
40300,1791312131,1791313223,26135286,1092
40301,1791312503,1791313223,26135286,720
40302,1791312899,1791315203,26135451,2304
40303,1791313271,1791315203,26135451,1932
40304,1791313655,1791315203,26135451,1548
40305,1791314039,1791315203,26135451,1164
40306,1791314435,1791315203,26135451,768
40307,1791314807,1791317015,26135602,2208
40308,1791315191,1791317015,26135602,1824
40309,1791315575,1791317015,26135602,1440
40310,1791315959,1791317015,26135602,1056
40311,1791316343,1791317015,26135602,672
40312,1791316727,1791318923,26135761,2196
40313,1791317123,1791318923,26135761,1800
40314,1791317495,1791318923,26135761,1428
40315,1791317879,1791318923,26135761,1044
40316,1791318263,1791318923,26135761,660
40317,1791318659,1791320855,26135922,2196
40318,1791319031,1791320855,26135922,1824
40319,1791319415,1791320855,26135922,1440
40320,1791319799,1791320855,26135922,1056
40321,1791320183,1791320855,26135922,672
40322,1791320567,1791322751,26136080,2184
40323,1791320951,1791322751,26136080,1800
40324,1791321335,1791322751,26136080,1416
40325,1791321719,1791322751,26136080,1032
40326,1791322103,1791322751,26136080,648
40327,1791322487,1791324743,26136245,2256
40328,1791322871,1791324743,26136245,1872
40329,1791323255,1791324743,26136245,1488
40330,1791323639,1791324743,26136245,1104
40331,1791324023,1791324743,26136245,720
40332,1791324419,1791326591,26136399,2172
40333,1791324791,1791326591,26136399,1800
40334,1791325175,1791326591,26136399,1416
40335,1791325559,1791326591,26136399,1032
40336,1791325943,1791326591,26136399,648
40337,1791326327,1791328487,26136557,2160
40338,1791326711,1791328487,26136557,1776
40339,1791327095,1791328487,26136557,1392
40340,1791327479,1791328487,26136557,1008
40341,1791327863,1791328487,26136557,624
40342,1791328259,1791330455,26136721,2196
40343,1791328631,1791330455,26136721,1824
40344,1791329015,1791330455,26136721,1440
40345,1791329399,1791330455,26136721,1056
40346,1791329783,1791330455,26136721,672
40347,1791330167,1791332351,26136878,2184
40348,1791330563,1791332351,26136878,1788
40349,1791330935,1791332351,26136878,1416
40350,1791331319,1791332351,26136878,1032
40351,1791331703,1791332351,26136878,648
40352,1791332087,1791334211,26137033,2124
40353,1791332471,1791334211,26137033,1740
40354,1791332855,1791334211,26137033,1356
40355,1791333239,1791334211,26137033,972
40356,1791333623,1791334211,26137033,588
40357,1791334007,1791336191,26137196,2184
40358,1791334391,1791336191,26137196,1800
40359,1791334775,1791336191,26137196,1416
40360,1791335159,1791336191,26137196,1032
40361,1791335543,1791336191,26137196,648
40362,1791335927,1791338123,26137356,2196
40363,1791336311,1791338123,26137356,1812
40364,1791336695,1791338123,26137356,1428
40365,1791337079,1791338123,26137356,1044
40366,1791337463,1791338123,26137356,660
40367,1791337847,1791339959,26137508,2112
40368,1791338243,1791339959,26137508,1716
40369,1791338627,1791339959,26137508,1332
40370,1791339011,1791339959,26137508,948
40371,1791339395,1791339959,26137508,564
40372,1791339767,1791341975,26137676,2208
40373,1791340151,1791341975,26137676,1824
40374,1791340535,1791341975,26137676,1440
40375,1791340919,1791341975,26137676,1056
40376,1791341303,1791341975,26137676,672
40377,1791341687,1791343907,26137836,2220
40378,1791342071,1791343907,26137836,1836
40379,1791342467,1791343907,26137836,1440
40380,1791342839,1791343907,26137836,1068
40381,1791343223,1791343907,26137836,684
40382,1791343607,1791345815,26137994,2208
40383,1791343991,1791345815,26137994,1824
40384,1791344375,1791345815,26137994,1440
40385,1791344759,1791345815,26137994,1056
40386,1791345143,1791345815,26137994,672
40387,1791345527,1791347795,26138159,2268
40388,1791345911,1791347795,26138159,1884
40389,1791346295,1791347795,26138159,1500
40390,1791346679,1791347795,26138159,1116
40391,1791347063,1791347795,26138159,732
40392,1791347447,1791349847,26138330,2400
40393,1791347831,1791349847,26138330,2016
40394,1791348215,1791349847,26138330,1632
40395,1791348599,1791349847,26138330,1248
40396,1791348983,1791349847,26138330,864
40397,1791349367,1791351875,26138499,2508
40398,1791349751,1791351875,26138499,2124
40399,1791350135,1791351875,26138499,1740
40400,1791350519,1791351875,26138499,1356
40401,1791350903,1791351875,26138499,972
40402,1791351287,1791353471,26138632,2184
40403,1791351671,1791353471,26138632,1800
40404,1791352055,1791353471,26138632,1416
40405,1791352439,1791353471,26138632,1032
40406,1791352823,1791353471,26138632,648
40407,1791353207,1791355415,26138793,2208
40408,1791353591,1791355415,26138793,1824
40409,1791353975,1791355415,26138793,1440
40410,1791354359,1791355415,26138793,1056
40411,1791354743,1791355415,26138793,672
40412,1791355127,1791357371,26138956,2244
40413,1791355511,1791357371,26138956,1860
40414,1791355895,1791357371,26138956,1476
40415,1791356279,1791357371,26138956,1092
40416,1791356663,1791357371,26138956,708
40417,1791357047,1791359267,26139112,2220
40418,1791357431,1791359267,26139112,1836
40419,1791357815,1791359267,26139112,1452
40420,1791358199,1791359267,26139112,1068
40421,1791358583,1791359267,26139112,684
40422,1791358967,1791361211,26139274,2244
40423,1791359351,1791361211,26139274,1860
40424,1791359735,1791361211,26139274,1476
40425,1791360119,1791361211,26139274,1092
40426,1791360503,1791361211,26139274,708
40427,1791360887,1791363095,26139430,2208
40428,1791361271,1791363095,26139430,1824
40429,1791361655,1791363095,26139430,1440
40430,1791362039,1791363095,26139430,1056
40431,1791362423,1791363095,26139430,672
40432,1791362807,1791365003,26139587,2196
40433,1791363191,1791365003,26139587,1812
40434,1791363587,1791365003,26139587,1416
40435,1791363959,1791365003,26139587,1044
40436,1791364343,1791365003,26139587,660
40437,1791364727,1791366887,26139744,2160
40438,1791365111,1791366887,26139744,1776
40439,1791365495,1791366887,26139744,1392
40440,1791365879,1791366887,26139744,1008
40441,1791366263,1791366887,26139744,624
40442,1791366647,1791368855,26139907,2208
40443,1791367031,1791368855,26139907,1824
40444,1791367415,1791368855,26139907,1440
40445,1791367799,1791368855,26139907,1056
40446,1791368183,1791368855,26139907,672
40447,1791368567,1791370787,26140066,2220
40448,1791368951,1791370787,26140066,1836
40449,1791369335,1791370787,26140066,1452
40450,1791369719,1791370787,26140066,1068
40451,1791370103,1791370787,26140066,684
40452,1791370487,1791372719,26140227,2232
40453,1791370871,1791372719,26140227,1848
40454,1791371255,1791372719,26140227,1464
40455,1791371639,1791372719,26140227,1080
40456,1791372023,1791372719,26140227,696
40457,1791372407,1791374663,26140389,2256
40458,1791372791,1791374663,26140389,1872
40459,1791373175,1791374663,26140389,1488
40460,1791373559,1791374663,26140389,1104
40461,1791373943,1791374663,26140389,720
40462,1791374327,1791376727,26140561,2400
40463,1791374711,1791376727,26140561,2016
40464,1791375095,1791376727,26140561,1632
40465,1791375479,1791376727,26140561,1248
40466,1791375863,1791376727,26140561,864
40467,1791376247,1791378455,26140705,2208
40468,1791376631,1791378455,26140705,1824
40469,1791377015,1791378455,26140705,1440
40470,1791377399,1791378455,26140705,1056
40471,1791377783,1791378455,26140705,672
